–û—Ç–º–µ—Ç–∫–∞ –≤—Ä–µ–º–µ–Ω–∏,1. –£—á–∏—Ç–µ—Å—å –ª–∏ –≤—ã –Ω–∞ –º–∞—Ç—Ñ–∞–∫–µ?,2. –ü–æ–ª,3. –í–æ–∑—Ä–∞—Å—Ç,4. –õ—é–±–∏—Ç–µ –ª–∏ –≤—ã —Å–º–æ—Ç—Ä–µ—Ç—å —Ñ–∏–ª—å–º—ã?,5. –ö–∞–∫–∏–µ —Ñ–∏–ª—å–º—ã –≤—ã –ø—Ä–µ–¥–ø–æ—á–∏—Ç–∞–µ—Ç–µ —Å–º–æ—Ç—Ä–µ—Ç—å –≤ –∫–∏–Ω–æ?,6. –ö–∞–∫ —á–∞—Å—Ç–æ –≤—ã —Å–º–æ—Ç—Ä–∏—Ç–µ —Ñ–∏–ª—å–º—ã –≤ –∫–∏–Ω–æ—Ç–µ–∞—Ç—Ä–∞—Ö?,"7. –ü—Ä–∏ –ø–æ—Ö–æ–¥–µ –≤ –∫–∏–Ω–æ—Ç–µ–∞—Ç—Ä –ø–æ–ª—å–∑—É–µ—Ç–µ—Å—å –ª–∏ –≤—ã —É—Å–ª—É–≥–∞–º–∏ –±–∞—Ä–æ–≤ –ø—Ä–∏ –Ω–∏—Ö?(–ø–æ–∫—É–ø–∞–µ—Ç–µ –ª–∏ –≤—ã –≤–æ–¥—É, –ø–æ–ø–∫–æ—Ä–Ω –∏ –¥—Ä.) ",8. –ö–∞–∫–æ–π –ø–æ–ø–∫–æ—Ä–Ω –≤—ã –ø—Ä–µ–¥–ø–æ—á–∏—Ç–∞–µ—Ç–µ?,9. –ß–µ–º –≤—ã —Ä—É–∫–æ–≤–æ–¥—Å—Ç–≤—É–µ—Ç–µ—Å—å –ø—Ä–∏ –≤—ã–±–æ—Ä–µ —Ñ–∏–ª—å–º–∞?,10. –ò–∑ –∫–∞–∫–∏—Ö –∏—Å—Ç–æ—á–Ω–∏–∫–æ–≤ –≤—ã –ø–æ–ª—É—á–∞–µ—Ç–µ –∏–Ω—Ñ–æ—Ä–º–∞—Ü–∏—é –æ–± –∞—Ñ–∏—à–µ –∫–∏–Ω–æ—Ç–µ–∞—Ç—Ä–∞?,11. –ö–∞–∫–∏–µ –∂–∞–Ω—Ä—ã –≤—ã –ø—Ä–µ–¥–ø–æ—á–∏—Ç–∞–µ—Ç–µ?,"12. –ò–Ω—Ç–µ—Ä–µ—Å–µ–Ω –ª–∏ –≤–∞–º —Ñ–æ—Ä–º–∞—Ç –ø—Ä–æ—Å–º–æ—Ç—Ä–∞ –∫–∏–Ω–æ —Å –¥—Ä—É–∑—å—è–º–∏? (–≥–¥–µ 1 - —Å–æ–≤—Å–µ–º –Ω–µ–∏–Ω—Ç–µ—Ä–µ—Å–Ω–æ, –∞ 5 - —Å–º–æ—Ç—Ä—é —Ç–æ–ª—å–∫–æ —Å –¥—Ä—É–∑—å—è–º–∏)",13. –ì–æ—Ç–æ–≤—ã –ª–∏ –≤—ã –ø—Ä–∏–µ–∑–∂–∞—Ç—å –Ω–∞ –º–∞—Ç—Ñ–∞–∫ –¥–ª—è —Å–æ–≤–º–µ—Å—Ç–Ω–æ–≥–æ –ø—Ä–æ—Å–º–æ—Ç—Ä–∞ –∫–∏–Ω–æ –ø–æ –≤—ã—Ö–æ–¥–Ω—ã–º?,14. –ß—Ç–æ —É –≤–∞—Å –∞—Å—Å–æ—Ü–∏–∏—Ä—É–µ—Ç—Å—è —Å –ø—Ä–æ—Å–º–æ—Ç—Ä–æ–º –∫–∏–Ω–æ?,15. –í—ã –∫–æ—Ç—ë–Ω–æ–∫?
2024/08/20 3:46:01 PM GMT+3,–Ø –ø—Ä–µ–ø–æ–¥–∞–≤–∞—Ç–µ–ª—å,–ñ–µ–Ω—Å–∫–∏–π,–æ—Ç 19 –¥–æ 35 –ª–µ—Ç,–î–∞,"–†–∞–∑–Ω–∏—Ü—ã –Ω–µ—Ç, –±—ã–ª–∏ –±—ã –∏–Ω—Ç–µ—Ä–µ—Å–Ω—ã–µ",–†–∞–∑ –≤ 2-3 –º–µ—Å—è—Ü–∞,–†–µ–¥–∫–æ,–ö–∞—Ä–∞–º–µ–ª—å–Ω—ã–π,"–í—ã–±–∏—Ä–∞—é —Ñ–∏–ª—å–º—ã, –æ–±—Å—É–∂–¥–∞–µ–º—ã–µ –æ–±—â–µ—Å—Ç–≤–µ–Ω–Ω–æ—Å—Ç—å—é;–û—Ä–∏–µ–Ω—Ç–∏—Ä—É—é—Å—å –Ω–∞ —Å–æ–¥–µ—Ä–∂–∞–Ω–∏–µ —Ñ–∏–ª—å–º–∞",–ù–∞—Ä—É–∂–Ω–∞—è —Ä–µ–∫–ª–∞–º–∞;–°–∞–π—Ç –∫–∏–Ω–æ—Ç–µ–∞—Ç—Ä–∞,–î–µ—Ç–µ–∫—Ç–∏–≤–Ω–æ–µ –∫–∏–Ω–æ;–ö–æ–º–µ–¥–∏–∏;–ú–µ–ª–æ–¥—Ä–∞–º—ã;–ú—É–ª—å—Ç—Ñ–∏–ª—å–º—ã,3,–ù–µ—Ç,"–†–µ–ª–∞–∫—Å, —Ö–æ—Ä–æ—à–µ–µ –Ω–∞—Å—Ç—Ä–æ–µ–Ω–∏–µ, –æ—Ç–¥—ã—Ö",–î–∞
2024/08/20 7:06:18 PM GMT+3,–Ø –ø—Ä–µ–ø–æ–¥–∞–≤–∞—Ç–µ–ª—å,–ú—É–∂—Å–∫–æ–π,–æ—Ç 14 –¥–æ 18 –ª–µ—Ç,–î–∞,–ó–∞—Ä—É–±–µ–∂–Ω—ã–µ,–†–∞–∑ –≤ 2-3 –º–µ—Å—è—Ü–∞,–†–µ–¥–∫–æ,–°—ã—Ä–Ω—ã–π,"–í—ã–±–∏—Ä–∞—é —Ñ–∏–ª—å–º—ã, –æ–±—Å—É–∂–¥–∞–µ–º—ã–µ –æ–±—â–µ—Å—Ç–≤–µ–Ω–Ω–æ—Å—Ç—å—é;–î–ª—è –º–µ–Ω—è –≤–∞–∂–Ω–æ –º–Ω–µ–Ω–∏–µ –±–ª–∏–∑–∫–∏—Ö –ª—é–¥–µ–π;–û—Ä–∏–µ–Ω—Ç–∏—Ä—É—é—Å—å –Ω–∞ —Å–æ–¥–µ—Ä–∂–∞–Ω–∏–µ —Ñ–∏–ª—å–º–∞;–ü–æ–ª–∞–≥–∞—é—Å—å –Ω–∞ –≤—ã–±–æ—Ä —Å–≤–æ–∏—Ö –¥—Ä—É–∑–µ–π",–ò–Ω—Ç–µ—Ä–Ω–µ—Ç,"–î–µ—Ç–µ–∫—Ç–∏–≤–Ω–æ–µ –∫–∏–Ω–æ;–ö–æ–º–µ–¥–∏–∏;–ú–µ–ª–æ–¥—Ä–∞–º—ã;–ü—Ä–∏–∫–ª—é—á–µ–Ω–∏—è;–§–∞–Ω—Ç–∞—Å—Ç–∏–∫–∞, —Ñ—ç–Ω—Ç–µ–∑–∏",3,–î–∞,"–ó–µ–ª—ë–Ω—ã–π —á–∞–π, –ø–µ—á–µ–Ω—å–µ, –ø–æ–∑–¥–Ω–∏–π –≤–µ—á–µ—Ä",–ú—è—É
2024/08/21 3:50:15 PM GMT+3,–î–∞,–ñ–µ–Ω—Å–∫–∏–π,–æ—Ç 14 –¥–æ 18 –ª–µ—Ç,–ó–∞—Ç—Ä—É–¥–Ω—è—é—Å—å –æ—Ç–≤–µ—Ç–∏—Ç—å,–ó–∞—Ä—É–±–µ–∂–Ω—ã–µ,–†–∞–∑ –≤ –ø–æ–ª–≥–æ–¥–∞ –∏ —Ä–µ–∂–µ,–ü—Ä–∞–∫—Ç–∏—á–µ—Å–∫–∏ –≤—Å–µ–≥–¥–∞,–°–æ–ª–µ–Ω—ã–π,"–í—ã–±–∏—Ä–∞—é —Ñ–∏–ª—å–º—ã, –æ–±—Å—É–∂–¥–∞–µ–º—ã–µ –æ–±—â–µ—Å—Ç–≤–µ–Ω–Ω–æ—Å—Ç—å—é;–í—ã–±–∏—Ä–∞—é —Ñ–∏–ª—å–º—ã, –æ—Ç –∫–æ—Ç–æ—Ä—ã—Ö –º–æ–∂–Ω–æ –ø–æ–ª—É—á–∏—Ç—å —Å–∏–ª—å–Ω—ã–µ —ç–º–æ—Ü–∏–∏;–û—Ä–∏–µ–Ω—Ç–∏—Ä—É—é—Å—å –Ω–∞ —Å–æ–¥–µ—Ä–∂–∞–Ω–∏–µ —Ñ–∏–ª—å–º–∞",–ò–Ω—Ç–µ—Ä–Ω–µ—Ç;–°–∞–π—Ç –∫–∏–Ω–æ—Ç–µ–∞—Ç—Ä–∞,"–ö–æ–º–µ–¥–∏–∏;–ú–µ–ª–æ–¥—Ä–∞–º—ã;–ú—É–ª—å—Ç—Ñ–∏–ª—å–º—ã;–ü—Ä–∏–∫–ª—é—á–µ–Ω–∏—è;–§–∞–Ω—Ç–∞—Å—Ç–∏–∫–∞, —Ñ—ç–Ω—Ç–µ–∑–∏",3,–î–∞,,–ú—è—É
2024/08/21 3:51:47 PM GMT+3,–î–∞,–ú—É–∂—Å–∫–æ–π,–æ—Ç 14 –¥–æ 18 –ª–µ—Ç,–î–∞,–ó–∞—Ä—É–±–µ–∂–Ω—ã–µ,–†–∞–∑ –≤ –º–µ—Å—è—Ü,–ü—Ä–∞–∫—Ç–∏—á–µ—Å–∫–∏ –≤—Å–µ–≥–¥–∞,–°–æ–ª–µ–Ω—ã–π,"–í—ã–±–∏—Ä–∞—é —Ñ–∏–ª—å–º—ã, –æ–±—Å—É–∂–¥–∞–µ–º—ã–µ –æ–±—â–µ—Å—Ç–≤–µ–Ω–Ω–æ—Å—Ç—å—é",–ù–∞—Ä—É–∂–Ω–∞—è —Ä–µ–∫–ª–∞–º–∞,–§–∏–ª—å–º—ã —É–∂–∞—Å–æ–≤,5,–î–∞,–ü–æ–ø–∫–æ—Ä–Ω,–ú—è—É
2024/08/21 3:53:10 PM GMT+3,–î–∞,–ñ–µ–Ω—Å–∫–∏–π,–æ—Ç 14 –¥–æ 18 –ª–µ—Ç,–î–∞,–ó–∞—Ä—É–±–µ–∂–Ω—ã–µ,–†–∞–∑ –≤ 2-3 –º–µ—Å—è—Ü–∞,–ü—Ä–∞–∫—Ç–∏—á–µ—Å–∫–∏ –≤—Å–µ–≥–¥–∞,–ö–∞—Ä–∞–º–µ–ª—å–Ω—ã–π,"–í—ã–±–∏—Ä–∞—é —Ñ–∏–ª—å–º—ã, –æ–±—Å—É–∂–¥–∞–µ–º—ã–µ –æ–±—â–µ—Å—Ç–≤–µ–Ω–Ω–æ—Å—Ç—å—é",–ò–Ω—Ç–µ—Ä–Ω–µ—Ç,"–§–∞–Ω—Ç–∞—Å—Ç–∏–∫–∞, —Ñ—ç–Ω—Ç–µ–∑–∏",4,–î–∞,-,
2024/08/21 3:53:11 PM GMT+3,–î–∞,–ñ–µ–Ω—Å–∫–∏–π,–æ—Ç 14 –¥–æ 18 –ª–µ—Ç,–î–∞,–ó–∞—Ä—É–±–µ–∂–Ω—ã–µ,–†–∞–∑ –≤ –ø–æ–ª–≥–æ–¥–∞ –∏ —Ä–µ–∂–µ,–ü—Ä–∞–∫—Ç–∏—á–µ—Å–∫–∏ –≤—Å–µ–≥–¥–∞,–°–ª–∞–¥–∫–∏–π;–°–æ–ª–µ–Ω—ã–π;–ö–∞—Ä–∞–º–µ–ª—å–Ω—ã–π;–°—ã—Ä–Ω—ã–π,"–í—ã–±–∏—Ä–∞—é —Ñ–∏–ª—å–º—ã, –æ–±—Å—É–∂–¥–∞–µ–º—ã–µ –æ–±—â–µ—Å—Ç–≤–µ–Ω–Ω–æ—Å—Ç—å—é;–í—ã–±–∏—Ä–∞—é —Ñ–∏–ª—å–º—ã, –æ—Ç –∫–æ—Ç–æ—Ä—ã—Ö –º–æ–∂–Ω–æ –ø–æ–ª—É—á–∏—Ç—å —Å–∏–ª—å–Ω—ã–µ —ç–º–æ—Ü–∏–∏;–î–ª—è –º–µ–Ω—è –≤–∞–∂–Ω–æ –º–Ω–µ–Ω–∏–µ –±–ª–∏–∑–∫–∏—Ö –ª—é–¥–µ–π;–û—Ä–∏–µ–Ω—Ç–∏—Ä—É—é—Å—å –Ω–∞ —Å–æ–¥–µ—Ä–∂–∞–Ω–∏–µ —Ñ–∏–ª—å–º–∞;–ü–æ–ª–∞–≥–∞—é—Å—å –Ω–∞ –≤—ã–±–æ—Ä —Å–≤–æ–∏—Ö –¥—Ä—É–∑–µ–π","–†–µ–∫–æ–º–µ–Ω–¥–∞—Ü–∏–∏ –¥—Ä—É–∑–µ–π, –∫–æ–ª–ª–µ–≥, —Ä–æ–¥—Å—Ç–≤–µ–Ω–Ω–∏–∫–æ–≤;–ò–Ω—Ç–µ—Ä–Ω–µ—Ç","–ë–ª–æ–∫–±–∞—Å—Ç–µ—Ä—ã, –±–æ–µ–≤–∏–∫–∏;–î–µ—Ç–µ–∫—Ç–∏–≤–Ω–æ–µ –∫–∏–Ω–æ;–ò—Å—Ç–æ—Ä–∏—á–µ—Å–∫–∏–µ —Ñ–∏–ª—å–º—ã;–ö–æ–º–µ–¥–∏–∏;–ú–µ–ª–æ–¥—Ä–∞–º—ã;–î–æ–∫—É–º–µ–Ω—Ç–∞–ª—å–Ω—ã–µ —Ñ–∏–ª—å–º—ã;–ú—É–ª—å—Ç—Ñ–∏–ª—å–º—ã;–ü—Ä–∏–∫–ª—é—á–µ–Ω–∏—è;–§–∞–Ω—Ç–∞—Å—Ç–∏–∫–∞, —Ñ—ç–Ω—Ç–µ–∑–∏",3,–î–∞,—Å —É—é—Ç–Ω—ã–º–∏ –ø–æ—Å–∏–¥–µ–ª–∫–∞–º–∏ ,–ú—è—É
2024/08/21 3:54:33 PM GMT+3,–î–∞,–ñ–µ–Ω—Å–∫–∏–π,–æ—Ç 14 –¥–æ 18 –ª–µ—Ç,–î–∞,–ó–∞—Ä—É–±–µ–∂–Ω—ã–µ,–†–∞–∑ –≤ 2-3 –º–µ—Å—è—Ü–∞,–ü—Ä–∞–∫—Ç–∏—á–µ—Å–∫–∏ –≤—Å–µ–≥–¥–∞,–°–ª–∞–¥–∫–∏–π;–ö–∞—Ä–∞–º–µ–ª—å–Ω—ã–π,"–í—ã–±–∏—Ä–∞—é —Ñ–∏–ª—å–º—ã, –æ—Ç –∫–æ—Ç–æ—Ä—ã—Ö –º–æ–∂–Ω–æ –ø–æ–ª—É—á–∏—Ç—å —Å–∏–ª—å–Ω—ã–µ —ç–º–æ—Ü–∏–∏;–î–ª—è –º–µ–Ω—è –≤–∞–∂–Ω–æ –º–Ω–µ–Ω–∏–µ –±–ª–∏–∑–∫–∏—Ö –ª—é–¥–µ–π","–†–µ–∫–æ–º–µ–Ω–¥–∞—Ü–∏–∏ –¥—Ä—É–∑–µ–π, –∫–æ–ª–ª–µ–≥, —Ä–æ–¥—Å—Ç–≤–µ–Ω–Ω–∏–∫–æ–≤;–ò–Ω—Ç–µ—Ä–Ω–µ—Ç","–ë–ª–æ–∫–±–∞—Å—Ç–µ—Ä—ã, –±–æ–µ–≤–∏–∫–∏;–ú—É–ª—å—Ç—Ñ–∏–ª—å–º—ã;–§–∞–Ω—Ç–∞—Å—Ç–∏–∫–∞, —Ñ—ç–Ω—Ç–µ–∑–∏;–§–∏–ª—å–º—ã —É–∂–∞—Å–æ–≤",5,–î–∞,–í–∞–π–±–∏–∫,–ú—è—É
2024/08/21 3:55:59 PM GMT+3,–î–∞,–ñ–µ–Ω—Å–∫–∏–π,–æ—Ç 14 –¥–æ 18 –ª–µ—Ç,–î–∞,–ó–∞—Ä—É–±–µ–∂–Ω—ã–µ,–†–∞–∑ –≤ 2-3 –º–µ—Å—è—Ü–∞,–ü—Ä–∞–∫—Ç–∏—á–µ—Å–∫–∏ –≤—Å–µ–≥–¥–∞,–°–ª–∞–¥–∫–∏–π;–°–æ–ª–µ–Ω—ã–π;–ö–∞—Ä–∞–º–µ–ª—å–Ω—ã–π,"–í—ã–±–∏—Ä–∞—é —Ñ–∏–ª—å–º—ã, –æ–±—Å—É–∂–¥–∞–µ–º—ã–µ –æ–±—â–µ—Å—Ç–≤–µ–Ω–Ω–æ—Å—Ç—å—é;–í—ã–±–∏—Ä–∞—é —Ñ–∏–ª—å–º—ã, –æ—Ç –∫–æ—Ç–æ—Ä—ã—Ö –º–æ–∂–Ω–æ –ø–æ–ª—É—á–∏—Ç—å —Å–∏–ª—å–Ω—ã–µ —ç–º–æ—Ü–∏–∏;–î–ª—è –º–µ–Ω—è –≤–∞–∂–Ω–æ –º–Ω–µ–Ω–∏–µ –±–ª–∏–∑–∫–∏—Ö –ª—é–¥–µ–π;–ü–æ–ª–∞–≥–∞—é—Å—å –Ω–∞ –≤—ã–±–æ—Ä —Å–≤–æ–∏—Ö –¥—Ä—É–∑–µ–π",–ò–Ω—Ç–µ—Ä–Ω–µ—Ç,"–ë–ª–æ–∫–±–∞—Å—Ç–µ—Ä—ã, –±–æ–µ–≤–∏–∫–∏;–ö–æ–º–µ–¥–∏–∏;–î–æ–∫—É–º–µ–Ω—Ç–∞–ª—å–Ω—ã–µ —Ñ–∏–ª—å–º—ã;–ú—É–ª—å—Ç—Ñ–∏–ª—å–º—ã;–ü—Ä–∏–∫–ª—é—á–µ–Ω–∏—è;–§–∞–Ω—Ç–∞—Å—Ç–∏–∫–∞, —Ñ—ç–Ω—Ç–µ–∑–∏",4,–ó–∞—Ç—Ä—É–¥–Ω—è—é—Å—å –æ—Ç–≤–µ—Ç–∏—Ç—å,,–ì–∞–≤
2024/08/21 3:57:49 PM GMT+3,–î–∞,–ñ–µ–Ω—Å–∫–∏–π,–æ—Ç 14 –¥–æ 18 –ª–µ—Ç,–î–∞,"–†–∞–∑–Ω–∏—Ü—ã –Ω–µ—Ç, –±—ã–ª–∏ –±—ã –∏–Ω—Ç–µ—Ä–µ—Å–Ω—ã–µ",–†–∞–∑ –≤ 2-3 –º–µ—Å—è—Ü–∞,–ü—Ä–∞–∫—Ç–∏—á–µ—Å–∫–∏ –≤—Å–µ–≥–¥–∞,–°–æ–ª–µ–Ω—ã–π,"–í—ã–±–∏—Ä–∞—é —Ñ–∏–ª—å–º—ã, –æ–±—Å—É–∂–¥–∞–µ–º—ã–µ –æ–±—â–µ—Å—Ç–≤–µ–Ω–Ω–æ—Å—Ç—å—é;–í—ã–±–∏—Ä–∞—é —Ñ–∏–ª—å–º—ã, –æ—Ç –∫–æ—Ç–æ—Ä—ã—Ö –º–æ–∂–Ω–æ –ø–æ–ª—É—á–∏—Ç—å —Å–∏–ª—å–Ω—ã–µ —ç–º–æ—Ü–∏–∏;–î–ª—è –º–µ–Ω—è –≤–∞–∂–Ω–æ –º–Ω–µ–Ω–∏–µ –±–ª–∏–∑–∫–∏—Ö –ª—é–¥–µ–π;–ï—Å–ª–∏ —Å–æ –º–Ω–æ–π –∏–¥–µ—Ç —Ä–µ–±–µ–Ω–æ–∫/–¥–µ—Ç–∏, —É—á–∏—Ç—ã–≤–∞—é –µ–≥–æ –∏–Ω—Ç–µ—Ä–µ—Å—ã;–û—Ä–∏–µ–Ω—Ç–∏—Ä—É—é—Å—å –Ω–∞ —Å–æ–¥–µ—Ä–∂–∞–Ω–∏–µ —Ñ–∏–ª—å–º–∞;–ü–æ–ª–∞–≥–∞—é—Å—å –Ω–∞ –≤—ã–±–æ—Ä —Å–≤–æ–∏—Ö –¥—Ä—É–∑–µ–π","–†–µ–∫–æ–º–µ–Ω–¥–∞—Ü–∏–∏ –¥—Ä—É–∑–µ–π, –∫–æ–ª–ª–µ–≥, —Ä–æ–¥—Å—Ç–≤–µ–Ω–Ω–∏–∫–æ–≤;–ò–Ω—Ç–µ—Ä–Ω–µ—Ç","–ò—Å—Ç–æ—Ä–∏—á–µ—Å–∫–∏–µ —Ñ–∏–ª—å–º—ã;–ö–æ–º–µ–¥–∏–∏;–ú–µ–ª–æ–¥—Ä–∞–º—ã;–î–æ–∫—É–º–µ–Ω—Ç–∞–ª—å–Ω—ã–µ —Ñ–∏–ª—å–º—ã;–ü—Ä–∏–∫–ª—é—á–µ–Ω–∏—è;–§–∞–Ω—Ç–∞—Å—Ç–∏–∫–∞, —Ñ—ç–Ω—Ç–µ–∑–∏;–§–∏–ª—å–º—ã —É–∂–∞—Å–æ–≤",4,–î–∞,"–ø–æ–ø–∫–æ—Ä–Ω, —Å–ª–µ–∑—ã",–î–∞
2024/08/21 3:58:37 PM GMT+3,–î–∞,–ñ–µ–Ω—Å–∫–∏–π,–æ—Ç 14 –¥–æ 18 –ª–µ—Ç,–ó–∞—Ç—Ä—É–¥–Ω—è—é—Å—å –æ—Ç–≤–µ—Ç–∏—Ç—å,"–†–∞–∑–Ω–∏—Ü—ã –Ω–µ—Ç, –±—ã–ª–∏ –±—ã –∏–Ω—Ç–µ—Ä–µ—Å–Ω—ã–µ",–†–∞–∑ –≤ 2-3 –º–µ—Å—è—Ü–∞,–ù–∏–∫–æ–≥–¥–∞,–°–æ–ª–µ–Ω—ã–π;–°—ã—Ä–Ω—ã–π;–ù–µ –µ–º –ø–æ–ø–∫–æ—Ä–Ω,"–í—ã–±–∏—Ä–∞—é —Ñ–∏–ª—å–º—ã, –æ–±—Å—É–∂–¥–∞–µ–º—ã–µ –æ–±—â–µ—Å—Ç–≤–µ–Ω–Ω–æ—Å—Ç—å—é;–í—ã–±–∏—Ä–∞—é —Ñ–∏–ª—å–º—ã, –æ—Ç –∫–æ—Ç–æ—Ä—ã—Ö –º–æ–∂–Ω–æ –ø–æ–ª—É—á–∏—Ç—å —Å–∏–ª—å–Ω—ã–µ —ç–º–æ—Ü–∏–∏;–î–ª—è –º–µ–Ω—è –≤–∞–∂–Ω–æ –º–Ω–µ–Ω–∏–µ –±–ª–∏–∑–∫–∏—Ö –ª—é–¥–µ–π;–ü–æ–ª–∞–≥–∞—é—Å—å –Ω–∞ –≤—ã–±–æ—Ä —Å–≤–æ–∏—Ö –¥—Ä—É–∑–µ–π",–ù–∞—Ä—É–∂–Ω–∞—è —Ä–µ–∫–ª–∞–º–∞;–ò–Ω—Ç–µ—Ä–Ω–µ—Ç,–ò—Å—Ç–æ—Ä–∏—á–µ—Å–∫–∏–µ —Ñ–∏–ª—å–º—ã;–ú–µ–ª–æ–¥—Ä–∞–º—ã;–î–æ–∫—É–º–µ–Ω—Ç–∞–ª—å–Ω—ã–µ —Ñ–∏–ª—å–º—ã;–ú—É–ª—å—Ç—Ñ–∏–ª—å–º—ã;–ó–∞—Ç—Ä—É–¥–Ω—è—é—Å—å –æ—Ç–≤–µ—Ç–∏—Ç—å,4,–î–∞,–î–æ–º–∞—à–Ω–∏–π —É—é—Ç,–î–∞
2024/08/21 3:59:41 PM GMT+3,–î–∞,–ú—É–∂—Å–∫–æ–π,–æ—Ç 14 –¥–æ 18 –ª–µ—Ç,–ù–µ—Ç,"–†–∞–∑–Ω–∏—Ü—ã –Ω–µ—Ç, –±—ã–ª–∏ –±—ã –∏–Ω—Ç–µ—Ä–µ—Å–Ω—ã–µ",–†–∞–∑ –≤ –ø–æ–ª–≥–æ–¥–∞ –∏ —Ä–µ–∂–µ,–ü—Ä–∞–∫—Ç–∏—á–µ—Å–∫–∏ –≤—Å–µ–≥–¥–∞,–°–æ–ª–µ–Ω—ã–π;–ö–∞—Ä–∞–º–µ–ª—å–Ω—ã–π,"–í—ã–±–∏—Ä–∞—é —Ñ–∏–ª—å–º—ã, –æ–±—Å—É–∂–¥–∞–µ–º—ã–µ –æ–±—â–µ—Å—Ç–≤–µ–Ω–Ω–æ—Å—Ç—å—é;–í—ã–±–∏—Ä–∞—é —Ñ–∏–ª—å–º—ã, –æ—Ç –∫–æ—Ç–æ—Ä—ã—Ö –º–æ–∂–Ω–æ –ø–æ–ª—É—á–∏—Ç—å —Å–∏–ª—å–Ω—ã–µ —ç–º–æ—Ü–∏–∏;–û—Ä–∏–µ–Ω—Ç–∏—Ä—É—é—Å—å –Ω–∞ —Å–æ–¥–µ—Ä–∂–∞–Ω–∏–µ —Ñ–∏–ª—å–º–∞","–ù–∞—Ä—É–∂–Ω–∞—è —Ä–µ–∫–ª–∞–º–∞;–†–µ–∫–æ–º–µ–Ω–¥–∞—Ü–∏–∏ –¥—Ä—É–∑–µ–π, –∫–æ–ª–ª–µ–≥, —Ä–æ–¥—Å—Ç–≤–µ–Ω–Ω–∏–∫–æ–≤;–ò–Ω—Ç–µ—Ä–Ω–µ—Ç","–ú—É–ª—å—Ç—Ñ–∏–ª—å–º—ã;–ü—Ä–∏–∫–ª—é—á–µ–Ω–∏—è;–§–∞–Ω—Ç–∞—Å—Ç–∏–∫–∞, —Ñ—ç–Ω—Ç–µ–∑–∏",3,–ù–µ—Ç,,
2024/08/21 4:00:08 PM GMT+3,–î–∞,–ñ–µ–Ω—Å–∫–∏–π,–æ—Ç 14 –¥–æ 18 –ª–µ—Ç,–î–∞,–ó–∞—Ä—É–±–µ–∂–Ω—ã–µ,–†–∞–∑ –≤ –ø–æ–ª–≥–æ–¥–∞ –∏ —Ä–µ–∂–µ,–ü—Ä–∞–∫—Ç–∏—á–µ—Å–∫–∏ –≤—Å–µ–≥–¥–∞,–°—ã—Ä–Ω—ã–π,"–í—ã–±–∏—Ä–∞—é —Ñ–∏–ª—å–º—ã, –æ–±—Å—É–∂–¥–∞–µ–º—ã–µ –æ–±—â–µ—Å—Ç–≤–µ–Ω–Ω–æ—Å—Ç—å—é;–í—ã–±–∏—Ä–∞—é —Ñ–∏–ª—å–º—ã, –æ—Ç –∫–æ—Ç–æ—Ä—ã—Ö –º–æ–∂–Ω–æ –ø–æ–ª—É—á–∏—Ç—å —Å–∏–ª—å–Ω—ã–µ —ç–º–æ—Ü–∏–∏;–û—Ä–∏–µ–Ω—Ç–∏—Ä—É—é—Å—å –Ω–∞ —Å–æ–¥–µ—Ä–∂–∞–Ω–∏–µ —Ñ–∏–ª—å–º–∞","–†–µ–∫–æ–º–µ–Ω–¥–∞—Ü–∏–∏ –¥—Ä—É–∑–µ–π, –∫–æ–ª–ª–µ–≥, —Ä–æ–¥—Å—Ç–≤–µ–Ω–Ω–∏–∫–æ–≤;–ò–Ω—Ç–µ—Ä–Ω–µ—Ç;–°–∞–π—Ç –∫–∏–Ω–æ—Ç–µ–∞—Ç—Ä–∞","–ë–ª–æ–∫–±–∞—Å—Ç–µ—Ä—ã, –±–æ–µ–≤–∏–∫–∏;–î–µ—Ç–µ–∫—Ç–∏–≤–Ω–æ–µ –∫–∏–Ω–æ;–ò—Å—Ç–æ—Ä–∏—á–µ—Å–∫–∏–µ —Ñ–∏–ª—å–º—ã;–ö–æ–º–µ–¥–∏–∏;–ü—Ä–∏–∫–ª—é—á–µ–Ω–∏—è",4,–î–∞,"–£—é—Ç, –æ—Å–æ–±–∞—è –∞—Ç–º–æ—Å—Ñ–µ—Ä–∞",–î–∞
2024/08/21 4:01:51 PM GMT+3,–î–∞,–ñ–µ–Ω—Å–∫–∏–π,–æ—Ç 14 –¥–æ 18 –ª–µ—Ç,–ó–∞—Ç—Ä—É–¥–Ω—è—é—Å—å –æ—Ç–≤–µ—Ç–∏—Ç—å,"–†–∞–∑–Ω–∏—Ü—ã –Ω–µ—Ç, –±—ã–ª–∏ –±—ã –∏–Ω—Ç–µ—Ä–µ—Å–Ω—ã–µ",–†–∞–∑ –≤ –ø–æ–ª–≥–æ–¥–∞ –∏ —Ä–µ–∂–µ,–ü—Ä–∞–∫—Ç–∏—á–µ—Å–∫–∏ –≤—Å–µ–≥–¥–∞,–°–ª–∞–¥–∫–∏–π;–°–æ–ª–µ–Ω—ã–π;–ö–∞—Ä–∞–º–µ–ª—å–Ω—ã–π,–î–ª—è –º–µ–Ω—è –≤–∞–∂–Ω–æ –º–Ω–µ–Ω–∏–µ –±–ª–∏–∑–∫–∏—Ö –ª—é–¥–µ–π;–û—Ä–∏–µ–Ω—Ç–∏—Ä—É—é—Å—å –Ω–∞ —Å–æ–¥–µ—Ä–∂–∞–Ω–∏–µ —Ñ–∏–ª—å–º–∞;–ü–æ–ª–∞–≥–∞—é—Å—å –Ω–∞ –≤—ã–±–æ—Ä —Å–≤–æ–∏—Ö –¥—Ä—É–∑–µ–π,"–†–µ–∫–æ–º–µ–Ω–¥–∞—Ü–∏–∏ –¥—Ä—É–∑–µ–π, –∫–æ–ª–ª–µ–≥, —Ä–æ–¥—Å—Ç–≤–µ–Ω–Ω–∏–∫–æ–≤;–ò–Ω—Ç–µ—Ä–Ω–µ—Ç","–ö–æ–º–µ–¥–∏–∏;–ú—É–ª—å—Ç—Ñ–∏–ª—å–º—ã;–ü—Ä–∏–∫–ª—é—á–µ–Ω–∏—è;–§–∞–Ω—Ç–∞—Å—Ç–∏–∫–∞, —Ñ—ç–Ω—Ç–µ–∑–∏",4,–ó–∞—Ç—Ä—É–¥–Ω—è—é—Å—å –æ—Ç–≤–µ—Ç–∏—Ç—å,–∫–∏–Ω–æ—Ç–µ–∞—Ç—Ä –∏ –ø–æ–ø–∫–æ—Ä–Ω,–ú—è—É
2024/08/21 4:02:21 PM GMT+3,–î–∞,–ú—É–∂—Å–∫–æ–π,–æ—Ç 14 –¥–æ 18 –ª–µ—Ç,–î–∞,–ó–∞—Ä—É–±–µ–∂–Ω—ã–µ,–†–∞–∑/–ù–µ—Å–∫–æ–ª—å–∫–æ —Ä–∞–∑ –≤ –Ω–µ–¥–µ–ª—é,–†–µ–¥–∫–æ,–°–ª–∞–¥–∫–∏–π;–ö–∞—Ä–∞–º–µ–ª—å–Ω—ã–π,"–í—ã–±–∏—Ä–∞—é —Ñ–∏–ª—å–º—ã, –æ—Ç –∫–æ—Ç–æ—Ä—ã—Ö –º–æ–∂–Ω–æ –ø–æ–ª—É—á–∏—Ç—å —Å–∏–ª—å–Ω—ã–µ —ç–º–æ—Ü–∏–∏;–û—Ä–∏–µ–Ω—Ç–∏—Ä—É—é—Å—å –Ω–∞ —Å–æ–¥–µ—Ä–∂–∞–Ω–∏–µ —Ñ–∏–ª—å–º–∞;–Ø –≤—ã–±–∏—Ä–∞—é —Ñ–∏–ª—å–º—ã –∏–∑ –º–Ω–æ–≥–∏—Ö –ø—Ä–µ–¥–ø–æ—á—Ç–Ω–µ–π. –ó–Ω–∞—á–∏–º—ã–µ –∏–∑ –Ω–∏—Ö —ç—Ç–æ –∞–∫—Ç–µ—Ä—Å–∫–∏–π —Å–æ—Å—Ç–∞–≤, —Ä–µ–∂–∏—Å—Å–µ—Ä. –ú–Ω–µ –≤–∞–∂–Ω–æ –º–Ω–µ–Ω–∏–µ –¥—Ä—É–≥–∏—Ö –ª—é–¥–µ–π —Ä–∞–∑–±–∏—Ä–∞—é—â–∏—Ö—Å—è –≤ –∫–∏–Ω–æ",–ò–Ω—Ç–µ—Ä–Ω–µ—Ç;–°–∞–π—Ç –∫–∏–Ω–æ—Ç–µ–∞—Ç—Ä–∞,–ò—Å—Ç–æ—Ä–∏—á–µ—Å–∫–∏–µ —Ñ–∏–ª—å–º—ã;–ö–æ–º–µ–¥–∏–∏;–ú–µ–ª–æ–¥—Ä–∞–º—ã,3,–ó–∞—Ç—Ä—É–¥–Ω—è—é—Å—å –æ—Ç–≤–µ—Ç–∏—Ç—å,"–í—ã —Å–æ–≤—Å–µ–º –Ω–∞ –ø—Ä–∏–∫–æ–ª–µ –æ–ø—Ä–æ—Å —Å–æ—Å—Ç–∞–≤–ª—è–ª–∏? –ö–∞–∫ –≤—ã —É–º—É–¥—Ä–∏–ª–∏—Å—å –≤ –∂–∞–Ω—Ä—ã –Ω–µ –≤—Å—Ç–∞–≤–∏—Ç—å –¥—Ä–∞–º—É. –í—Å–µ –≤–µ–ª–∏—á–∞–π—à–µ–µ –∫–∏–Ω–æ —ç—Ç–æ –¥—Ä–∞–º–∞. 
–î–ª—è –º–µ–Ω—è –∫–∏–Ω–æ —ç—Ç–æ –Ω–∞—Å–ª–∞–∂–¥–µ–Ω–∏–µ –∏—Å–∫—É—Å—Å—Ç–≤–æ–º –∏ —Å–ø–æ—Å–æ–± –ø–æ–∑–Ω–∞–Ω–∏—è –º–∏—Ä–∞",–î–∞
2024/08/21 4:03:35 PM GMT+3,–Ø –ø—Ä–µ–ø–æ–¥–∞–≤–∞—Ç–µ–ª—å,–ñ–µ–Ω—Å–∫–∏–π,–æ—Ç 19 –¥–æ 35 –ª–µ—Ç,–î–∞,"–†–∞–∑–Ω–∏—Ü—ã –Ω–µ—Ç, –±—ã–ª–∏ –±—ã –∏–Ω—Ç–µ—Ä–µ—Å–Ω—ã–µ",–†–∞–∑ –≤ –ø–æ–ª–≥–æ–¥–∞ –∏ —Ä–µ–∂–µ,–†–µ–¥–∫–æ,–°–æ–ª–µ–Ω—ã–π,"–í—ã–±–∏—Ä–∞—é —Ñ–∏–ª—å–º—ã, –æ–±—Å—É–∂–¥–∞–µ–º—ã–µ –æ–±—â–µ—Å—Ç–≤–µ–Ω–Ω–æ—Å—Ç—å—é;–î–ª—è –º–µ–Ω—è –≤–∞–∂–Ω–æ –º–Ω–µ–Ω–∏–µ –±–ª–∏–∑–∫–∏—Ö –ª—é–¥–µ–π;–û—Ä–∏–µ–Ω—Ç–∏—Ä—É—é—Å—å –Ω–∞ —Å–æ–¥–µ—Ä–∂–∞–Ω–∏–µ —Ñ–∏–ª—å–º–∞;–ü–æ–ª–∞–≥–∞—é—Å—å –Ω–∞ –≤—ã–±–æ—Ä —Å–≤–æ–∏—Ö –¥—Ä—É–∑–µ–π","–†–µ–∫–æ–º–µ–Ω–¥–∞—Ü–∏–∏ –¥—Ä—É–∑–µ–π, –∫–æ–ª–ª–µ–≥, —Ä–æ–¥—Å—Ç–≤–µ–Ω–Ω–∏–∫–æ–≤;–°–∞–π—Ç –∫–∏–Ω–æ—Ç–µ–∞—Ç—Ä–∞","–ò—Å—Ç–æ—Ä–∏—á–µ—Å–∫–∏–µ —Ñ–∏–ª—å–º—ã;–ö–æ–º–µ–¥–∏–∏;–§–∞–Ω—Ç–∞—Å—Ç–∏–∫–∞, —Ñ—ç–Ω—Ç–µ–∑–∏",3,–ó–∞—Ç—Ä—É–¥–Ω—è—é—Å—å –æ—Ç–≤–µ—Ç–∏—Ç—å,"–£—é—Ç–Ω—ã–π –≤–µ—á–µ—Ä, –≤–∫—É—Å–Ω–∞—è –µ–¥–∞",–ú—è—É
2024/08/21 4:08:18 PM GMT+3,–î–∞,–ñ–µ–Ω—Å–∫–∏–π,–æ—Ç 14 –¥–æ 18 –ª–µ—Ç,–î–∞,"–†–∞–∑–Ω–∏—Ü—ã –Ω–µ—Ç, –±—ã–ª–∏ –±—ã –∏–Ω—Ç–µ—Ä–µ—Å–Ω—ã–µ",–†–∞–∑ –≤ –ø–æ–ª–≥–æ–¥–∞ –∏ —Ä–µ–∂–µ,–†–µ–¥–∫–æ,–°–ª–∞–¥–∫–∏–π;–ö–∞—Ä–∞–º–µ–ª—å–Ω—ã–π,"–í—ã–±–∏—Ä–∞—é —Ñ–∏–ª—å–º—ã, –æ–±—Å—É–∂–¥–∞–µ–º—ã–µ –æ–±—â–µ—Å—Ç–≤–µ–Ω–Ω–æ—Å—Ç—å—é;–û—Ä–∏–µ–Ω—Ç–∏—Ä—É—é—Å—å –Ω–∞ —Å–æ–¥–µ—Ä–∂–∞–Ω–∏–µ —Ñ–∏–ª—å–º–∞;–ü–æ–ª–∞–≥–∞—é—Å—å –Ω–∞ –≤—ã–±–æ—Ä —Å–≤–æ–∏—Ö –¥—Ä—É–∑–µ–π","–ù–∞—Ä—É–∂–Ω–∞—è —Ä–µ–∫–ª–∞–º–∞;–†–µ–∫–æ–º–µ–Ω–¥–∞—Ü–∏–∏ –¥—Ä—É–∑–µ–π, –∫–æ–ª–ª–µ–≥, —Ä–æ–¥—Å—Ç–≤–µ–Ω–Ω–∏–∫–æ–≤;–ò–Ω—Ç–µ—Ä–Ω–µ—Ç;–°–∞–π—Ç –∫–∏–Ω–æ—Ç–µ–∞—Ç—Ä–∞",–î–µ—Ç–µ–∫—Ç–∏–≤–Ω–æ–µ –∫–∏–Ω–æ;–ö–æ–º–µ–¥–∏–∏;–î–æ–∫—É–º–µ–Ω—Ç–∞–ª—å–Ω—ã–µ —Ñ–∏–ª—å–º—ã;–ü—Ä–∏–∫–ª—é—á–µ–Ω–∏—è,4,–ó–∞—Ç—Ä—É–¥–Ω—è—é—Å—å –æ—Ç–≤–µ—Ç–∏—Ç—å,–û—á–µ–Ω—å –∏–Ω—Ç–µ—Ä–µ—Å–Ω–æ–µ –æ–±—Å—É–∂–¥–µ–Ω–∏–µ –ø–æ—Å–ª–µ,–î–∞
2024/08/21 4:09:55 PM GMT+3,–Ø –ø—Ä–µ–ø–æ–¥–∞–≤–∞—Ç–µ–ª—å,–ñ–µ–Ω—Å–∫–∏–π,–æ—Ç 19 –¥–æ 35 –ª–µ—Ç,–î–∞,"–†–∞–∑–Ω–∏—Ü—ã –Ω–µ—Ç, –±—ã–ª–∏ –±—ã –∏–Ω—Ç–µ—Ä–µ—Å–Ω—ã–µ",–†–∞–∑ –≤ –ø–æ–ª–≥–æ–¥–∞ –∏ —Ä–µ–∂–µ,–†–µ–¥–∫–æ,–°–ª–∞–¥–∫–∏–π;–°–æ–ª–µ–Ω—ã–π;–ö–∞—Ä–∞–º–µ–ª—å–Ω—ã–π,"–í—ã–±–∏—Ä–∞—é —Ñ–∏–ª—å–º—ã, –æ–±—Å—É–∂–¥–∞–µ–º—ã–µ –æ–±—â–µ—Å—Ç–≤–µ–Ω–Ω–æ—Å—Ç—å—é;–ü–æ–ª–∞–≥–∞—é—Å—å –Ω–∞ –≤—ã–±–æ—Ä —Å–≤–æ–∏—Ö –¥—Ä—É–∑–µ–π","–ù–∞—Ä—É–∂–Ω–∞—è —Ä–µ–∫–ª–∞–º–∞;–†–µ–∫–æ–º–µ–Ω–¥–∞—Ü–∏–∏ –¥—Ä—É–∑–µ–π, –∫–æ–ª–ª–µ–≥, —Ä–æ–¥—Å—Ç–≤–µ–Ω–Ω–∏–∫–æ–≤;–ò–Ω—Ç–µ—Ä–Ω–µ—Ç",–î–µ—Ç–µ–∫—Ç–∏–≤–Ω–æ–µ –∫–∏–Ω–æ;–ö–æ–º–µ–¥–∏–∏;–ú–µ–ª–æ–¥—Ä–∞–º—ã,3,–ù–µ—Ç,,–ú—è—É
2024/08/21 4:16:30 PM GMT+3,–Ø –ø—Ä–µ–ø–æ–¥–∞–≤–∞—Ç–µ–ª—å,–ñ–µ–Ω—Å–∫–∏–π,–æ—Ç 14 –¥–æ 18 –ª–µ—Ç,–î–∞,,–†–∞–∑ –≤ 2-3 –º–µ—Å—è—Ü–∞,–†–µ–¥–∫–æ,–°–æ–ª–µ–Ω—ã–π;–ö–∞—Ä–∞–º–µ–ª—å–Ω—ã–π;–°—ã—Ä–Ω—ã–π,"–í—ã–±–∏—Ä–∞—é —Ñ–∏–ª—å–º—ã, –æ—Ç –∫–æ—Ç–æ—Ä—ã—Ö –º–æ–∂–Ω–æ –ø–æ–ª—É—á–∏—Ç—å —Å–∏–ª—å–Ω—ã–µ —ç–º–æ—Ü–∏–∏",–ò–Ω—Ç–µ—Ä–Ω–µ—Ç;–°–∞–π—Ç –∫–∏–Ω–æ—Ç–µ–∞—Ç—Ä–∞,"–ë–ª–æ–∫–±–∞—Å—Ç–µ—Ä—ã, –±–æ–µ–≤–∏–∫–∏;–î–µ—Ç–µ–∫—Ç–∏–≤–Ω–æ–µ –∫–∏–Ω–æ;–ö–æ–º–µ–¥–∏–∏;–ü—Ä–∏–∫–ª—é—á–µ–Ω–∏—è;–§–∞–Ω—Ç–∞—Å—Ç–∏–∫–∞, —Ñ—ç–Ω—Ç–µ–∑–∏",4,–î–∞,–í–µ—Å–µ–ª—å–µ,–ì–∞–≤
2024/08/21 4:22:22 PM GMT+3,–î–∞,–ñ–µ–Ω—Å–∫–∏–π,–æ—Ç 14 –¥–æ 18 –ª–µ—Ç,–î–∞,"–†–∞–∑–Ω–∏—Ü—ã –Ω–µ—Ç, –±—ã–ª–∏ –±—ã –∏–Ω—Ç–µ—Ä–µ—Å–Ω—ã–µ",–†–∞–∑ –≤ 2-3 –º–µ—Å—è—Ü–∞,–†–µ–¥–∫–æ,–°–ª–∞–¥–∫–∏–π;–ö–∞—Ä–∞–º–µ–ª—å–Ω—ã–π,"–í—ã–±–∏—Ä–∞—é —Ñ–∏–ª—å–º—ã, –æ—Ç –∫–æ—Ç–æ—Ä—ã—Ö –º–æ–∂–Ω–æ –ø–æ–ª—É—á–∏—Ç—å —Å–∏–ª—å–Ω—ã–µ —ç–º–æ—Ü–∏–∏;–û—Ä–∏–µ–Ω—Ç–∏—Ä—É—é—Å—å –Ω–∞ —Å–æ–¥–µ—Ä–∂–∞–Ω–∏–µ —Ñ–∏–ª—å–º–∞;–ü–æ–ª–∞–≥–∞—é—Å—å –Ω–∞ –≤—ã–±–æ—Ä —Å–≤–æ–∏—Ö –¥—Ä—É–∑–µ–π",–ò–Ω—Ç–µ—Ä–Ω–µ—Ç,"–î–µ—Ç–µ–∫—Ç–∏–≤–Ω–æ–µ –∫–∏–Ω–æ;–ò—Å—Ç–æ—Ä–∏—á–µ—Å–∫–∏–µ —Ñ–∏–ª—å–º—ã;–ö–æ–º–µ–¥–∏–∏;–î–æ–∫—É–º–µ–Ω—Ç–∞–ª—å–Ω—ã–µ —Ñ–∏–ª—å–º—ã;–ú—É–ª—å—Ç—Ñ–∏–ª—å–º—ã;–ü—Ä–∏–∫–ª—é—á–µ–Ω–∏—è;–§–∞–Ω—Ç–∞—Å—Ç–∏–∫–∞, —Ñ—ç–Ω—Ç–µ–∑–∏",3,–ó–∞—Ç—Ä—É–¥–Ω—è—é—Å—å –æ—Ç–≤–µ—Ç–∏—Ç—å,,–ú—è—É
2024/08/21 4:25:20 PM GMT+3,–î–∞,–ú—É–∂—Å–∫–æ–π,–æ—Ç 14 –¥–æ 18 –ª–µ—Ç,–î–∞,–ó–∞—Ä—É–±–µ–∂–Ω—ã–µ,–†–∞–∑ –≤ 2-3 –º–µ—Å—è—Ü–∞,–ù–∏–∫–æ–≥–¥–∞,–ù–µ –µ–º –ø–æ–ø–∫–æ—Ä–Ω,"–í—ã–±–∏—Ä–∞—é —Ñ–∏–ª—å–º—ã, –æ–±—Å—É–∂–¥–∞–µ–º—ã–µ –æ–±—â–µ—Å—Ç–≤–µ–Ω–Ω–æ—Å—Ç—å—é;–ï—Å–ª–∏ —Å–æ –º–Ω–æ–π –∏–¥–µ—Ç —Ä–µ–±–µ–Ω–æ–∫/–¥–µ—Ç–∏, —É—á–∏—Ç—ã–≤–∞—é –µ–≥–æ –∏–Ω—Ç–µ—Ä–µ—Å—ã;–û—Ä–∏–µ–Ω—Ç–∏—Ä—É—é—Å—å –Ω–∞ —Å–æ–¥–µ—Ä–∂–∞–Ω–∏–µ —Ñ–∏–ª—å–º–∞;–§—Ä–∞–Ω—à–∏–∑–∞, –∫—Ä—É–ø–Ω—ã–µ —Å—Ç—É–¥–∏–∏ –∏ —Å–±–æ—Ä—ã —Å–≤—ã—à–µ 100 –º–ª–Ω –¥–æ–ª–ª –≤ –ø—Ä–æ–∫–∞—Ç–µ",–ò–Ω—Ç–µ—Ä–Ω–µ—Ç;–°–∞–π—Ç –∫–∏–Ω–æ—Ç–µ–∞—Ç—Ä–∞,"–ë–ª–æ–∫–±–∞—Å—Ç–µ—Ä—ã, –±–æ–µ–≤–∏–∫–∏;–ò—Å—Ç–æ—Ä–∏—á–µ—Å–∫–∏–µ —Ñ–∏–ª—å–º—ã;–ö–æ–º–µ–¥–∏–∏;–î–æ–∫—É–º–µ–Ω—Ç–∞–ª—å–Ω—ã–µ —Ñ–∏–ª—å–º—ã;–ú—É–ª—å—Ç—Ñ–∏–ª—å–º—ã;–§–∞–Ω—Ç–∞—Å—Ç–∏–∫–∞, —Ñ—ç–Ω—Ç–µ–∑–∏",3,–ó–∞—Ç—Ä—É–¥–Ω—è—é—Å—å –æ—Ç–≤–µ—Ç–∏—Ç—å,,
2024/08/21 4:41:31 PM GMT+3,–ù–µ—Ç,–ú—É–∂—Å–∫–æ–π,–æ—Ç 14 –¥–æ 18 –ª–µ—Ç,–î–∞,–ó–∞—Ä—É–±–µ–∂–Ω—ã–µ,–†–∞–∑ –≤ –º–µ—Å—è—Ü,–ü—Ä–∞–∫—Ç–∏—á–µ—Å–∫–∏ –≤—Å–µ–≥–¥–∞,–°–ª–∞–¥–∫–∏–π;–ö–∞—Ä–∞–º–µ–ª—å–Ω—ã–π,"–í—ã–±–∏—Ä–∞—é —Ñ–∏–ª—å–º—ã, –æ—Ç –∫–æ—Ç–æ—Ä—ã—Ö –º–æ–∂–Ω–æ –ø–æ–ª—É—á–∏—Ç—å —Å–∏–ª—å–Ω—ã–µ —ç–º–æ—Ü–∏–∏;–î–ª—è –º–µ–Ω—è –≤–∞–∂–Ω–æ –º–Ω–µ–Ω–∏–µ –±–ª–∏–∑–∫–∏—Ö –ª—é–¥–µ–π;–û—Ä–∏–µ–Ω—Ç–∏—Ä—É—é—Å—å –Ω–∞ —Å–æ–¥–µ—Ä–∂–∞–Ω–∏–µ —Ñ–∏–ª—å–º–∞",–î—Ä—É–≥–æ–µ,"–ë–ª–æ–∫–±–∞—Å—Ç–µ—Ä—ã, –±–æ–µ–≤–∏–∫–∏;–î–µ—Ç–µ–∫—Ç–∏–≤–Ω–æ–µ –∫–∏–Ω–æ;–ö–æ–º–µ–¥–∏–∏;–î–æ–∫—É–º–µ–Ω—Ç–∞–ª—å–Ω—ã–µ —Ñ–∏–ª—å–º—ã;–ú—É–ª—å—Ç—Ñ–∏–ª—å–º—ã;–ü—Ä–∏–∫–ª—é—á–µ–Ω–∏—è;–§–∞–Ω—Ç–∞—Å—Ç–∏–∫–∞, —Ñ—ç–Ω—Ç–µ–∑–∏",3,–ó–∞—Ç—Ä—É–¥–Ω—è—é—Å—å –æ—Ç–≤–µ—Ç–∏—Ç—å,–û—Ç–¥—ã—Ö,–ú—è—É
2024/08/21 5:04:50 PM GMT+3,–ù–µ—Ç,–ñ–µ–Ω—Å–∫–∏–π,–æ—Ç 14 –¥–æ 18 –ª–µ—Ç,–î–∞,"–†–∞–∑–Ω–∏—Ü—ã –Ω–µ—Ç, –±—ã–ª–∏ –±—ã –∏–Ω—Ç–µ—Ä–µ—Å–Ω—ã–µ",–†–∞–∑ –≤ –ø–æ–ª–≥–æ–¥–∞ –∏ —Ä–µ–∂–µ,–ü—Ä–∞–∫—Ç–∏—á–µ—Å–∫–∏ –≤—Å–µ–≥–¥–∞,–ö–∞—Ä–∞–º–µ–ª—å–Ω—ã–π,"–í—ã–±–∏—Ä–∞—é —Ñ–∏–ª—å–º—ã, –æ–±—Å—É–∂–¥–∞–µ–º—ã–µ –æ–±—â–µ—Å—Ç–≤–µ–Ω–Ω–æ—Å—Ç—å—é;–û—Ä–∏–µ–Ω—Ç–∏—Ä—É—é—Å—å –Ω–∞ —Å–æ–¥–µ—Ä–∂–∞–Ω–∏–µ —Ñ–∏–ª—å–º–∞;–ü–æ–ª–∞–≥–∞—é—Å—å –Ω–∞ –≤—ã–±–æ—Ä —Å–≤–æ–∏—Ö –¥—Ä—É–∑–µ–π","–ù–∞—Ä—É–∂–Ω–∞—è —Ä–µ–∫–ª–∞–º–∞;–†–µ–∫–æ–º–µ–Ω–¥–∞—Ü–∏–∏ –¥—Ä—É–∑–µ–π, –∫–æ–ª–ª–µ–≥, —Ä–æ–¥—Å—Ç–≤–µ–Ω–Ω–∏–∫–æ–≤;–ò–Ω—Ç–µ—Ä–Ω–µ—Ç","–ë–ª–æ–∫–±–∞—Å—Ç–µ—Ä—ã, –±–æ–µ–≤–∏–∫–∏;–î–µ—Ç–µ–∫—Ç–∏–≤–Ω–æ–µ –∫–∏–Ω–æ;–ö–æ–º–µ–¥–∏–∏;–ú—É–ª—å—Ç—Ñ–∏–ª—å–º—ã",4,–î–∞,,–ì–∞–≤
2024/08/21 5:32:07 PM GMT+3,–Ø –ø—Ä–µ–ø–æ–¥–∞–≤–∞—Ç–µ–ª—å,–ú—É–∂—Å–∫–æ–π,–æ—Ç 19 –¥–æ 35 –ª–µ—Ç,–î–∞,–ó–∞—Ä—É–±–µ–∂–Ω—ã–µ,–†–∞–∑ –≤ 2-3 –º–µ—Å—è—Ü–∞,–ü—Ä–∞–∫—Ç–∏—á–µ—Å–∫–∏ –≤—Å–µ–≥–¥–∞,–°–ª–∞–¥–∫–∏–π;–ö–∞—Ä–∞–º–µ–ª—å–Ω—ã–π,"–í—ã–±–∏—Ä–∞—é —Ñ–∏–ª—å–º—ã, –æ–±—Å—É–∂–¥–∞–µ–º—ã–µ –æ–±—â–µ—Å—Ç–≤–µ–Ω–Ω–æ—Å—Ç—å—é;–í—ã–±–∏—Ä–∞—é —Ñ–∏–ª—å–º—ã, –æ—Ç –∫–æ—Ç–æ—Ä—ã—Ö –º–æ–∂–Ω–æ –ø–æ–ª—É—á–∏—Ç—å —Å–∏–ª—å–Ω—ã–µ —ç–º–æ—Ü–∏–∏;–ü–æ–ª–∞–≥–∞—é—Å—å –Ω–∞ –≤—ã–±–æ—Ä —Å–≤–æ–∏—Ö –¥—Ä—É–∑–µ–π",–ò–Ω—Ç–µ—Ä–Ω–µ—Ç;–°–∞–π—Ç –∫–∏–Ω–æ—Ç–µ–∞—Ç—Ä–∞,"–ë–ª–æ–∫–±–∞—Å—Ç–µ—Ä—ã, –±–æ–µ–≤–∏–∫–∏;–î–µ—Ç–µ–∫—Ç–∏–≤–Ω–æ–µ –∫–∏–Ω–æ;–ò—Å—Ç–æ—Ä–∏—á–µ—Å–∫–∏–µ —Ñ–∏–ª—å–º—ã;–ö–æ–º–µ–¥–∏–∏",3,–î–∞,,–ú—è—É
2024/08/21 7:06:05 PM GMT+3,–Ø –ø—Ä–µ–ø–æ–¥–∞–≤–∞—Ç–µ–ª—å,–ñ–µ–Ω—Å–∫–∏–π,–æ—Ç 19 –¥–æ 35 –ª–µ—Ç,–î–∞,"–†–∞–∑–Ω–∏—Ü—ã –Ω–µ—Ç, –±—ã–ª–∏ –±—ã –∏–Ω—Ç–µ—Ä–µ—Å–Ω—ã–µ",–†–∞–∑ –≤ –ø–æ–ª–≥–æ–¥–∞ –∏ —Ä–µ–∂–µ,–ù–∏–∫–æ–≥–¥–∞,–°–ª–∞–¥–∫–∏–π;–ö–∞—Ä–∞–º–µ–ª—å–Ω—ã–π,–î–ª—è –º–µ–Ω—è –≤–∞–∂–Ω–æ –º–Ω–µ–Ω–∏–µ –±–ª–∏–∑–∫–∏—Ö –ª—é–¥–µ–π;–û—Ä–∏–µ–Ω—Ç–∏—Ä—É—é—Å—å –Ω–∞ —Å–æ–¥–µ—Ä–∂–∞–Ω–∏–µ —Ñ–∏–ª—å–º–∞,"–†–µ–∫–æ–º–µ–Ω–¥–∞—Ü–∏–∏ –¥—Ä—É–∑–µ–π, –∫–æ–ª–ª–µ–≥, —Ä–æ–¥—Å—Ç–≤–µ–Ω–Ω–∏–∫–æ–≤;–ò–Ω—Ç–µ—Ä–Ω–µ—Ç;–°–∞–π—Ç –∫–∏–Ω–æ—Ç–µ–∞—Ç—Ä–∞","–ò—Å—Ç–æ—Ä–∏—á–µ—Å–∫–∏–µ —Ñ–∏–ª—å–º—ã;–ö–æ–º–µ–¥–∏–∏;–ú–µ–ª–æ–¥—Ä–∞–º—ã;–ú—É–ª—å—Ç—Ñ–∏–ª—å–º—ã;–ü—Ä–∏–∫–ª—é—á–µ–Ω–∏—è;–§–∞–Ω—Ç–∞—Å—Ç–∏–∫–∞, —Ñ—ç–Ω—Ç–µ–∑–∏",4,–ó–∞—Ç—Ä—É–¥–Ω—è—é—Å—å –æ—Ç–≤–µ—Ç–∏—Ç—å,,–ì–∞–≤
2024/08/21 7:10:26 PM GMT+3,–Ø –ø—Ä–µ–ø–æ–¥–∞–≤–∞—Ç–µ–ª—å,–ú—É–∂—Å–∫–æ–π,–æ—Ç 19 –¥–æ 35 –ª–µ—Ç,–î–∞,–ó–∞—Ä—É–±–µ–∂–Ω—ã–µ,–†–∞–∑ –≤ –ø–æ–ª–≥–æ–¥–∞ –∏ —Ä–µ–∂–µ,–ü—Ä–∞–∫—Ç–∏—á–µ—Å–∫–∏ –≤—Å–µ–≥–¥–∞,–°–ª–∞–¥–∫–∏–π;–°–æ–ª–µ–Ω—ã–π;–ö–∞—Ä–∞–º–µ–ª—å–Ω—ã–π,"–í—ã–±–∏—Ä–∞—é —Ñ–∏–ª—å–º—ã, –æ–±—Å—É–∂–¥–∞–µ–º—ã–µ –æ–±—â–µ—Å—Ç–≤–µ–Ω–Ω–æ—Å—Ç—å—é;–í—ã–±–∏—Ä–∞—é —Ñ–∏–ª—å–º—ã, –æ—Ç –∫–æ—Ç–æ—Ä—ã—Ö –º–æ–∂–Ω–æ –ø–æ–ª—É—á–∏—Ç—å —Å–∏–ª—å–Ω—ã–µ —ç–º–æ—Ü–∏–∏",–ò–Ω—Ç–µ—Ä–Ω–µ—Ç;–°–∞–π—Ç –∫–∏–Ω–æ—Ç–µ–∞—Ç—Ä–∞,"–ö–æ–º–µ–¥–∏–∏;–ú—É–ª—å—Ç—Ñ–∏–ª—å–º—ã;–§–∞–Ω—Ç–∞—Å—Ç–∏–∫–∞, —Ñ—ç–Ω—Ç–µ–∑–∏;–§–∏–ª—å–º—ã —É–∂–∞—Å–æ–≤",5,–ó–∞—Ç—Ä—É–¥–Ω—è—é—Å—å –æ—Ç–≤–µ—Ç–∏—Ç—å,–ü–æ–∑–∏—Ç–∏–≤–Ω—ã–π –Ω–∞—Å—Ç—Ä–æ–π,–ì–∞–≤
2024/08/21 7:10:41 PM GMT+3,–î–∞,–ñ–µ–Ω—Å–∫–∏–π,–æ—Ç 14 –¥–æ 18 –ª–µ—Ç,–î–∞,"–†–∞–∑–Ω–∏—Ü—ã –Ω–µ—Ç, –±—ã–ª–∏ –±—ã –∏–Ω—Ç–µ—Ä–µ—Å–Ω—ã–µ",–†–∞–∑ –≤ 2-3 –º–µ—Å—è—Ü–∞,–†–µ–¥–∫–æ,–ö–∞—Ä–∞–º–µ–ª—å–Ω—ã–π;–°—ã—Ä–Ω—ã–π,"–í—ã–±–∏—Ä–∞—é —Ñ–∏–ª—å–º—ã, –æ—Ç –∫–æ—Ç–æ—Ä—ã—Ö –º–æ–∂–Ω–æ –ø–æ–ª—É—á–∏—Ç—å —Å–∏–ª—å–Ω—ã–µ —ç–º–æ—Ü–∏–∏;–û—Ä–∏–µ–Ω—Ç–∏—Ä—É—é—Å—å –Ω–∞ —Å–æ–¥–µ—Ä–∂–∞–Ω–∏–µ —Ñ–∏–ª—å–º–∞;–ü–æ–ª–∞–≥–∞—é—Å—å –Ω–∞ –≤—ã–±–æ—Ä —Å–≤–æ–∏—Ö –¥—Ä—É–∑–µ–π","–†–µ–∫–æ–º–µ–Ω–¥–∞—Ü–∏–∏ –¥—Ä—É–∑–µ–π, –∫–æ–ª–ª–µ–≥, —Ä–æ–¥—Å—Ç–≤–µ–Ω–Ω–∏–∫–æ–≤;–ò–Ω—Ç–µ—Ä–Ω–µ—Ç","–ë–ª–æ–∫–±–∞—Å—Ç–µ—Ä—ã, –±–æ–µ–≤–∏–∫–∏;–î–µ—Ç–µ–∫—Ç–∏–≤–Ω–æ–µ –∫–∏–Ω–æ;–§–∞–Ω—Ç–∞—Å—Ç–∏–∫–∞, —Ñ—ç–Ω—Ç–µ–∑–∏;–§–∏–ª—å–º—ã —É–∂–∞—Å–æ–≤",4,–ó–∞—Ç—Ä—É–¥–Ω—è—é—Å—å –æ—Ç–≤–µ—Ç–∏—Ç—å,–ü–æ–ø–∫–æ—Ä–Ω,–ú—è—É
2024/08/21 7:11:02 PM GMT+3,–Ø –ø—Ä–µ–ø–æ–¥–∞–≤–∞—Ç–µ–ª—å,–ú—É–∂—Å–∫–æ–π,–æ—Ç 19 –¥–æ 35 –ª–µ—Ç,–î–∞,–†–æ—Å—Å–∏–π—Å–∫–∏–µ —Ñ–∏–ª—å–º—ã,–†–∞–∑ –≤ –ø–æ–ª–≥–æ–¥–∞ –∏ —Ä–µ–∂–µ,–†–µ–¥–∫–æ,–°–ª–∞–¥–∫–∏–π;–°–æ–ª–µ–Ω—ã–π;–ö–∞—Ä–∞–º–µ–ª—å–Ω—ã–π,"–í—ã–±–∏—Ä–∞—é —Ñ–∏–ª—å–º—ã, –æ–±—Å—É–∂–¥–∞–µ–º—ã–µ –æ–±—â–µ—Å—Ç–≤–µ–Ω–Ω–æ—Å—Ç—å—é;–í—ã–±–∏—Ä–∞—é —Ñ–∏–ª—å–º—ã, –æ—Ç –∫–æ—Ç–æ—Ä—ã—Ö –º–æ–∂–Ω–æ –ø–æ–ª—É—á–∏—Ç—å —Å–∏–ª—å–Ω—ã–µ —ç–º–æ—Ü–∏–∏;–î–ª—è –º–µ–Ω—è –≤–∞–∂–Ω–æ –º–Ω–µ–Ω–∏–µ –±–ª–∏–∑–∫–∏—Ö –ª—é–¥–µ–π;–û—Ä–∏–µ–Ω—Ç–∏—Ä—É—é—Å—å –Ω–∞ —Å–æ–¥–µ—Ä–∂–∞–Ω–∏–µ —Ñ–∏–ª—å–º–∞;–ü–æ–ª–∞–≥–∞—é—Å—å –Ω–∞ –≤—ã–±–æ—Ä —Å–≤–æ–∏—Ö –¥—Ä—É–∑–µ–π","–ù–∞—Ä—É–∂–Ω–∞—è —Ä–µ–∫–ª–∞–º–∞;–†–µ–∫–æ–º–µ–Ω–¥–∞—Ü–∏–∏ –¥—Ä—É–∑–µ–π, –∫–æ–ª–ª–µ–≥, —Ä–æ–¥—Å—Ç–≤–µ–Ω–Ω–∏–∫–æ–≤;–ò–Ω—Ç–µ—Ä–Ω–µ—Ç",–ò—Å—Ç–æ—Ä–∏—á–µ—Å–∫–∏–µ —Ñ–∏–ª—å–º—ã;–ö–æ–º–µ–¥–∏–∏;–î–æ–∫—É–º–µ–Ω—Ç–∞–ª—å–Ω—ã–µ —Ñ–∏–ª—å–º—ã;–ú—É–ª—å—Ç—Ñ–∏–ª—å–º—ã;–§–∏–ª—å–º—ã —É–∂–∞—Å–æ–≤,3,–ó–∞—Ç—Ä—É–¥–Ω—è—é—Å—å –æ—Ç–≤–µ—Ç–∏—Ç—å,–°–º—ã—Å–ª/—Å–º–µ—Ö/–ø–æ–≤–æ–¥ –∑–∞–¥—É–º–∞—Ç—å—Å—è,–ì–∞–≤
2024/08/21 7:46:07 PM GMT+3,–Ø –ø—Ä–µ–ø–æ–¥–∞–≤–∞—Ç–µ–ª—å,–ú—É–∂—Å–∫–æ–π,–æ—Ç 19 –¥–æ 35 –ª–µ—Ç,–î–∞,"–†–∞–∑–Ω–∏—Ü—ã –Ω–µ—Ç, –±—ã–ª–∏ –±—ã –∏–Ω—Ç–µ—Ä–µ—Å–Ω—ã–µ",2-3 —Ä–∞–∑–∞ –≤ –º–µ—Å—è—Ü,–ù–∏–∫–æ–≥–¥–∞,–ù–µ –µ–º –ø–æ–ø–∫–æ—Ä–Ω,–®–æ —Ö–æ—á–µ—Ü—Ü–∞,–ò–Ω—Ç–µ—Ä–Ω–µ—Ç,–ó–∞—Ç—Ä—É–¥–Ω—è—é—Å—å –æ—Ç–≤–µ—Ç–∏—Ç—å,2,–ù–µ—Ç,,–ì–∞–≤
2024/08/21 7:49:20 PM GMT+3,–Ø –ø—Ä–µ–ø–æ–¥–∞–≤–∞—Ç–µ–ª—å,–ú—É–∂—Å–∫–æ–π,–æ—Ç 19 –¥–æ 35 –ª–µ—Ç,–î–∞,–ó–∞—Ä—É–±–µ–∂–Ω—ã–µ,–†–∞–∑ –≤ –ø–æ–ª–≥–æ–¥–∞ –∏ —Ä–µ–∂–µ,–†–µ–¥–∫–æ,–°–æ–ª–µ–Ω—ã–π;–°—ã—Ä–Ω—ã–π,"–í—ã–±–∏—Ä–∞—é —Ñ–∏–ª—å–º—ã, –æ–±—Å—É–∂–¥–∞–µ–º—ã–µ –æ–±—â–µ—Å—Ç–≤–µ–Ω–Ω–æ—Å—Ç—å—é;–û—Ä–∏–µ–Ω—Ç–∏—Ä—É—é—Å—å –Ω–∞ —Å–æ–¥–µ—Ä–∂–∞–Ω–∏–µ —Ñ–∏–ª—å–º–∞","–†–µ–∫–æ–º–µ–Ω–¥–∞—Ü–∏–∏ –¥—Ä—É–∑–µ–π, –∫–æ–ª–ª–µ–≥, —Ä–æ–¥—Å—Ç–≤–µ–Ω–Ω–∏–∫–æ–≤;–ò–Ω—Ç–µ—Ä–Ω–µ—Ç","–ë–ª–æ–∫–±–∞—Å—Ç–µ—Ä—ã, –±–æ–µ–≤–∏–∫–∏;–î–µ—Ç–µ–∫—Ç–∏–≤–Ω–æ–µ –∫–∏–Ω–æ;–ü—Ä–∏–∫–ª—é—á–µ–Ω–∏—è;–§–∞–Ω—Ç–∞—Å—Ç–∏–∫–∞, —Ñ—ç–Ω—Ç–µ–∑–∏",2,–î–∞,,–ì–∞–≤
2024/08/21 8:04:06 PM GMT+3,–î–∞,–ñ–µ–Ω—Å–∫–∏–π,–æ—Ç 14 –¥–æ 18 –ª–µ—Ç,–î–∞,"–†–∞–∑–Ω–∏—Ü—ã –Ω–µ—Ç, –±—ã–ª–∏ –±—ã –∏–Ω—Ç–µ—Ä–µ—Å–Ω—ã–µ",–†–∞–∑ –≤ 2-3 –º–µ—Å—è—Ü–∞,–ù–∏–∫–æ–≥–¥–∞,–°–ª–∞–¥–∫–∏–π;–°–æ–ª–µ–Ω—ã–π;–ö–∞—Ä–∞–º–µ–ª—å–Ω—ã–π,"–í—ã–±–∏—Ä–∞—é —Ñ–∏–ª—å–º—ã, –æ–±—Å—É–∂–¥–∞–µ–º—ã–µ –æ–±—â–µ—Å—Ç–≤–µ–Ω–Ω–æ—Å—Ç—å—é;–í—ã–±–∏—Ä–∞—é —Ñ–∏–ª—å–º—ã, –æ—Ç –∫–æ—Ç–æ—Ä—ã—Ö –º–æ–∂–Ω–æ –ø–æ–ª—É—á–∏—Ç—å —Å–∏–ª—å–Ω—ã–µ —ç–º–æ—Ü–∏–∏",–ù–∞—Ä—É–∂–Ω–∞—è —Ä–µ–∫–ª–∞–º–∞;–ò–Ω—Ç–µ—Ä–Ω–µ—Ç;–°–∞–π—Ç –∫–∏–Ω–æ—Ç–µ–∞—Ç—Ä–∞,"–î–µ—Ç–µ–∫—Ç–∏–≤–Ω–æ–µ –∫–∏–Ω–æ;–ö–æ–º–µ–¥–∏–∏;–ú–µ–ª–æ–¥—Ä–∞–º—ã;–ú—É–ª—å—Ç—Ñ–∏–ª—å–º—ã;–§–∞–Ω—Ç–∞—Å—Ç–∏–∫–∞, —Ñ—ç–Ω—Ç–µ–∑–∏",5,–î–∞,,–ú—è—É
2024/08/21 8:22:59 PM GMT+3,–Ø –ø—Ä–µ–ø–æ–¥–∞–≤–∞—Ç–µ–ª—å,–ñ–µ–Ω—Å–∫–∏–π,–æ—Ç 19 –¥–æ 35 –ª–µ—Ç,–î–∞,–ó–∞—Ä—É–±–µ–∂–Ω—ã–µ,–†–∞–∑ –≤ 2-3 –º–µ—Å—è—Ü–∞,–ü—Ä–∞–∫—Ç–∏—á–µ—Å–∫–∏ –≤—Å–µ–≥–¥–∞,–°–ª–∞–¥–∫–∏–π;–ö–∞—Ä–∞–º–µ–ª—å–Ω—ã–π,"–í—ã–±–∏—Ä–∞—é —Ñ–∏–ª—å–º—ã, –æ—Ç –∫–æ—Ç–æ—Ä—ã—Ö –º–æ–∂–Ω–æ –ø–æ–ª—É—á–∏—Ç—å —Å–∏–ª—å–Ω—ã–µ —ç–º–æ—Ü–∏–∏;–û—Ä–∏–µ–Ω—Ç–∏—Ä—É—é—Å—å –Ω–∞ —Å–æ–¥–µ—Ä–∂–∞–Ω–∏–µ —Ñ–∏–ª—å–º–∞",–ò–Ω—Ç–µ—Ä–Ω–µ—Ç,"–ö–æ–º–µ–¥–∏–∏;–ú–µ–ª–æ–¥—Ä–∞–º—ã;–ú—É–ª—å—Ç—Ñ–∏–ª—å–º—ã;–ü—Ä–∏–∫–ª—é—á–µ–Ω–∏—è;–§–∞–Ω—Ç–∞—Å—Ç–∏–∫–∞, —Ñ—ç–Ω—Ç–µ–∑–∏",3,–ù–µ—Ç,,–ú—è—É
2024/08/21 9:44:53 PM GMT+3,–î–∞,–ñ–µ–Ω—Å–∫–∏–π,–æ—Ç 14 –¥–æ 18 –ª–µ—Ç,–î–∞,–ó–∞—Ä—É–±–µ–∂–Ω—ã–µ,–†–∞–∑ –≤ –ø–æ–ª–≥–æ–¥–∞ –∏ —Ä–µ–∂–µ,–†–µ–¥–∫–æ,–°–ª–∞–¥–∫–∏–π;–°–æ–ª–µ–Ω—ã–π;–ö–∞—Ä–∞–º–µ–ª—å–Ω—ã–π,"–í—ã–±–∏—Ä–∞—é —Ñ–∏–ª—å–º—ã, –æ—Ç –∫–æ—Ç–æ—Ä—ã—Ö –º–æ–∂–Ω–æ –ø–æ–ª—É—á–∏—Ç—å —Å–∏–ª—å–Ω—ã–µ —ç–º–æ—Ü–∏–∏;–î–ª—è –º–µ–Ω—è –≤–∞–∂–Ω–æ –º–Ω–µ–Ω–∏–µ –±–ª–∏–∑–∫–∏—Ö –ª—é–¥–µ–π;–û—Ä–∏–µ–Ω—Ç–∏—Ä—É—é—Å—å –Ω–∞ —Å–æ–¥–µ—Ä–∂–∞–Ω–∏–µ —Ñ–∏–ª—å–º–∞;–ü–æ–ª–∞–≥–∞—é—Å—å –Ω–∞ –≤—ã–±–æ—Ä —Å–≤–æ–∏—Ö –¥—Ä—É–∑–µ–π","–†–µ–∫–æ–º–µ–Ω–¥–∞—Ü–∏–∏ –¥—Ä—É–∑–µ–π, –∫–æ–ª–ª–µ–≥, —Ä–æ–¥—Å—Ç–≤–µ–Ω–Ω–∏–∫–æ–≤;–ò–Ω—Ç–µ—Ä–Ω–µ—Ç;–î—Ä—É–≥–æ–µ","–ë–ª–æ–∫–±–∞—Å—Ç–µ—Ä—ã, –±–æ–µ–≤–∏–∫–∏;–ö–æ–º–µ–¥–∏–∏;–ú—É–ª—å—Ç—Ñ–∏–ª—å–º—ã;–ü—Ä–∏–∫–ª—é—á–µ–Ω–∏—è;–§–∞–Ω—Ç–∞—Å—Ç–∏–∫–∞, —Ñ—ç–Ω—Ç–µ–∑–∏",3,–î–∞,–Ø –Ω–µ –∑–Ω–∞—é ü¶Ω,–î–∞
2024/08/22 11:14:53 AM GMT+3,–ù–µ—Ç,–ú—É–∂—Å–∫–æ–π,–æ—Ç 14 –¥–æ 18 –ª–µ—Ç,–î–∞,–ó–∞—Ä—É–±–µ–∂–Ω—ã–µ,–†–∞–∑ –≤ –º–µ—Å—è—Ü,–†–µ–¥–∫–æ,–ù–∞—á–æ—Å,"–í—ã–±–∏—Ä–∞—é —Ñ–∏–ª—å–º—ã, –æ–±—Å—É–∂–¥–∞–µ–º—ã–µ –æ–±—â–µ—Å—Ç–≤–µ–Ω–Ω–æ—Å—Ç—å—é;",–ò–Ω—Ç–µ—Ä–Ω–µ—Ç,"–ë–ª–æ–∫–±–∞—Å—Ç–µ—Ä—ã, –±–æ–µ–≤–∏–∫–∏;–ö–æ–º–µ–¥–∏–∏;–î–æ–∫—É–º–µ–Ω—Ç–∞–ª—å–Ω—ã–µ —Ñ–∏–ª—å–º—ã",3,–ó–∞—Ç—Ä—É–¥–Ω—è—é—Å—å –æ—Ç–≤–µ—Ç–∏—Ç—å,,
2024/08/22 12:58:36 PM GMT+3,–Ø –ø—Ä–µ–ø–æ–¥–∞–≤–∞—Ç–µ–ª—å,–ñ–µ–Ω—Å–∫–∏–π,–æ—Ç 19 –¥–æ 35 –ª–µ—Ç,–î–∞,"–†–∞–∑–Ω–∏—Ü—ã –Ω–µ—Ç, –±—ã–ª–∏ –±—ã –∏–Ω—Ç–µ—Ä–µ—Å–Ω—ã–µ",–†–∞–∑ –≤ –ø–æ–ª–≥–æ–¥–∞ –∏ —Ä–µ–∂–µ,–ù–∏–∫–æ–≥–¥–∞,–°–æ–ª–µ–Ω—ã–π;–ö–∞—Ä–∞–º–µ–ª—å–Ω—ã–π,–î–ª—è –º–µ–Ω—è –≤–∞–∂–Ω–æ –º–Ω–µ–Ω–∏–µ –±–ª–∏–∑–∫–∏—Ö –ª—é–¥–µ–π;–û—Ä–∏–µ–Ω—Ç–∏—Ä—É—é—Å—å –Ω–∞ —Å–æ–¥–µ—Ä–∂–∞–Ω–∏–µ —Ñ–∏–ª—å–º–∞,–ò–Ω—Ç–µ—Ä–Ω–µ—Ç,"–ò—Å—Ç–æ—Ä–∏—á–µ—Å–∫–∏–µ —Ñ–∏–ª—å–º—ã;–î–æ–∫—É–º–µ–Ω—Ç–∞–ª—å–Ω—ã–µ —Ñ–∏–ª—å–º—ã;–ü—Ä–∏–∫–ª—é—á–µ–Ω–∏—è;–§–∞–Ω—Ç–∞—Å—Ç–∏–∫–∞, —Ñ—ç–Ω—Ç–µ–∑–∏",3,–î–∞,–ß–∏–ª–ª,–ú—è—É
2024/08/22 2:01:07 PM GMT+3,–î–∞,–ñ–µ–Ω—Å–∫–∏–π,–æ—Ç 14 –¥–æ 18 –ª–µ—Ç,–î–∞,"–†–∞–∑–Ω–∏—Ü—ã –Ω–µ—Ç, –±—ã–ª–∏ –±—ã –∏–Ω—Ç–µ—Ä–µ—Å–Ω—ã–µ",2-3 —Ä–∞–∑–∞ –≤ –º–µ—Å—è—Ü,–ü—Ä–∞–∫—Ç–∏—á–µ—Å–∫–∏ –≤—Å–µ–≥–¥–∞,–°–ª–∞–¥–∫–∏–π;–°–æ–ª–µ–Ω—ã–π;–°—ã—Ä–Ω—ã–π,–û—Ä–∏–µ–Ω—Ç–∏—Ä—É—é—Å—å –Ω–∞ —Å–æ–¥–µ—Ä–∂–∞–Ω–∏–µ —Ñ–∏–ª—å–º–∞,–ò–Ω—Ç–µ—Ä–Ω–µ—Ç;–°–∞–π—Ç –∫–∏–Ω–æ—Ç–µ–∞—Ç—Ä–∞,–î–µ—Ç–µ–∫—Ç–∏–≤–Ω–æ–µ –∫–∏–Ω–æ;–ò—Å—Ç–æ—Ä–∏—á–µ—Å–∫–∏–µ —Ñ–∏–ª—å–º—ã;–ú—É–ª—å—Ç—Ñ–∏–ª—å–º—ã;–§–∏–ª—å–º—ã —É–∂–∞—Å–æ–≤,5,–ó–∞—Ç—Ä—É–¥–Ω—è—é—Å—å –æ—Ç–≤–µ—Ç–∏—Ç—å,,–ú—è—É
2024/08/22 2:04:33 PM GMT+3,–î–∞,–ñ–µ–Ω—Å–∫–∏–π,–æ—Ç 14 –¥–æ 18 –ª–µ—Ç,–î–∞,"–†–∞–∑–Ω–∏—Ü—ã –Ω–µ—Ç, –±—ã–ª–∏ –±—ã –∏–Ω—Ç–µ—Ä–µ—Å–Ω—ã–µ",–†–∞–∑ –≤ 2-3 –º–µ—Å—è—Ü–∞,–ü—Ä–∞–∫—Ç–∏—á–µ—Å–∫–∏ –≤—Å–µ–≥–¥–∞,–ö–∞—Ä–∞–º–µ–ª—å–Ω—ã–π;–°—ã—Ä–Ω—ã–π,"–í—ã–±–∏—Ä–∞—é —Ñ–∏–ª—å–º—ã, –æ–±—Å—É–∂–¥–∞–µ–º—ã–µ –æ–±—â–µ—Å—Ç–≤–µ–Ω–Ω–æ—Å—Ç—å—é;–í—ã–±–∏—Ä–∞—é —Ñ–∏–ª—å–º—ã, –æ—Ç –∫–æ—Ç–æ—Ä—ã—Ö –º–æ–∂–Ω–æ –ø–æ–ª—É—á–∏—Ç—å —Å–∏–ª—å–Ω—ã–µ —ç–º–æ—Ü–∏–∏;–û—Ä–∏–µ–Ω—Ç–∏—Ä—É—é—Å—å –Ω–∞ —Å–æ–¥–µ—Ä–∂–∞–Ω–∏–µ —Ñ–∏–ª—å–º–∞","–†–µ–∫–æ–º–µ–Ω–¥–∞—Ü–∏–∏ –¥—Ä—É–∑–µ–π, –∫–æ–ª–ª–µ–≥, —Ä–æ–¥—Å—Ç–≤–µ–Ω–Ω–∏–∫–æ–≤;–ò–Ω—Ç–µ—Ä–Ω–µ—Ç","–ë–ª–æ–∫–±–∞—Å—Ç–µ—Ä—ã, –±–æ–µ–≤–∏–∫–∏;–î–µ—Ç–µ–∫—Ç–∏–≤–Ω–æ–µ –∫–∏–Ω–æ;–ú–µ–ª–æ–¥—Ä–∞–º—ã;–î–æ–∫—É–º–µ–Ω—Ç–∞–ª—å–Ω—ã–µ —Ñ–∏–ª—å–º—ã;–ü—Ä–∏–∫–ª—é—á–µ–Ω–∏—è;–§–∞–Ω—Ç–∞—Å—Ç–∏–∫–∞, —Ñ—ç–Ω—Ç–µ–∑–∏",5,–î–∞,"–ø–æ–ø–∫–æ—Ä–Ω, –∫—Ä—É—Ç—ã–µ —ç–º–æ—Ü–∏–∏, –Ω–æ–≤—ã–µ –∏–¥–µ–∏ –¥–ª—è —Ä–∞–∑–º—ã—à–ª–µ–Ω–∏–π",–ú—è—É
2024/08/22 2:07:48 PM GMT+3,–Ø –ø—Ä–µ–ø–æ–¥–∞–≤–∞—Ç–µ–ª—å,–ñ–µ–Ω—Å–∫–∏–π,–æ—Ç 19 –¥–æ 35 –ª–µ—Ç,–î–∞,"–†–∞–∑–Ω–∏—Ü—ã –Ω–µ—Ç, –±—ã–ª–∏ –±—ã –∏–Ω—Ç–µ—Ä–µ—Å–Ω—ã–µ",–†–∞–∑ –≤ 2-3 –º–µ—Å—è—Ü–∞,–ù–∏–∫–æ–≥–¥–∞,–ö–∞—Ä–∞–º–µ–ª—å–Ω—ã–π,"–î–ª—è –º–µ–Ω—è –≤–∞–∂–Ω–æ –º–Ω–µ–Ω–∏–µ –±–ª–∏–∑–∫–∏—Ö –ª—é–¥–µ–π;–ï—Å–ª–∏ —Å–æ –º–Ω–æ–π –∏–¥–µ—Ç —Ä–µ–±–µ–Ω–æ–∫/–¥–µ—Ç–∏, —É—á–∏—Ç—ã–≤–∞—é –µ–≥–æ –∏–Ω—Ç–µ—Ä–µ—Å—ã;–û—Ä–∏–µ–Ω—Ç–∏—Ä—É—é—Å—å –Ω–∞ —Å–æ–¥–µ—Ä–∂–∞–Ω–∏–µ —Ñ–∏–ª—å–º–∞",–ò–Ω—Ç–µ—Ä–Ω–µ—Ç,–ó–∞—Ç—Ä—É–¥–Ω—è—é—Å—å –æ—Ç–≤–µ—Ç–∏—Ç—å,4,–ù–µ—Ç,–û–±—â–µ–Ω–∏–µ —Å –¥—Ä—É–∑—å—è–º–∏ ,–ì–∞–≤
2024/08/22 2:09:58 PM GMT+3,–î–∞,–ú—É–∂—Å–∫–æ–π,–æ—Ç 14 –¥–æ 18 –ª–µ—Ç,–î–∞,"–†–∞–∑–Ω–∏—Ü—ã –Ω–µ—Ç, –±—ã–ª–∏ –±—ã –∏–Ω—Ç–µ—Ä–µ—Å–Ω—ã–µ",–†–∞–∑ –≤ 2-3 –º–µ—Å—è—Ü–∞,–ü—Ä–∞–∫—Ç–∏—á–µ—Å–∫–∏ –≤—Å–µ–≥–¥–∞,–°–æ–ª–µ–Ω—ã–π;–ö–∞—Ä–∞–º–µ–ª—å–Ω—ã–π,"–í—ã–±–∏—Ä–∞—é —Ñ–∏–ª—å–º—ã, –æ—Ç –∫–æ—Ç–æ—Ä—ã—Ö –º–æ–∂–Ω–æ –ø–æ–ª—É—á–∏—Ç—å —Å–∏–ª—å–Ω—ã–µ —ç–º–æ—Ü–∏–∏;–ü–æ–ª–∞–≥–∞—é—Å—å –Ω–∞ –≤—ã–±–æ—Ä —Å–≤–æ–∏—Ö –¥—Ä—É–∑–µ–π","–†–µ–∫–æ–º–µ–Ω–¥–∞—Ü–∏–∏ –¥—Ä—É–∑–µ–π, –∫–æ–ª–ª–µ–≥, —Ä–æ–¥—Å—Ç–≤–µ–Ω–Ω–∏–∫–æ–≤;–ò–Ω—Ç–µ—Ä–Ω–µ—Ç","–î–µ—Ç–µ–∫—Ç–∏–≤–Ω–æ–µ –∫–∏–Ω–æ;–ú—É–ª—å—Ç—Ñ–∏–ª—å–º—ã;–ü—Ä–∏–∫–ª—é—á–µ–Ω–∏—è;–§–∞–Ω—Ç–∞—Å—Ç–∏–∫–∞, —Ñ—ç–Ω—Ç–µ–∑–∏;–§–∏–ª—å–º—ã —É–∂–∞—Å–æ–≤",5,–ù–µ—Ç,,–ì–∞–≤
2024/08/22 2:17:34 PM GMT+3,–Ø –ø—Ä–µ–ø–æ–¥–∞–≤–∞—Ç–µ–ª—å,–ñ–µ–Ω—Å–∫–∏–π,–æ—Ç 14 –¥–æ 18 –ª–µ—Ç,–î–∞,"–†–∞–∑–Ω–∏—Ü—ã –Ω–µ—Ç, –±—ã–ª–∏ –±—ã –∏–Ω—Ç–µ—Ä–µ—Å–Ω—ã–µ",–†–∞–∑ –≤ 2-3 –º–µ—Å—è—Ü–∞,–†–µ–¥–∫–æ,–ö–∞—Ä–∞–º–µ–ª—å–Ω—ã–π;–°—ã—Ä–Ω—ã–π,"–í—ã–±–∏—Ä–∞—é —Ñ–∏–ª—å–º—ã, –æ–±—Å—É–∂–¥–∞–µ–º—ã–µ –æ–±—â–µ—Å—Ç–≤–µ–Ω–Ω–æ—Å—Ç—å—é;–û—Ä–∏–µ–Ω—Ç–∏—Ä—É—é—Å—å –Ω–∞ —Å–æ–¥–µ—Ä–∂–∞–Ω–∏–µ —Ñ–∏–ª—å–º–∞;–ü–æ–ª–∞–≥–∞—é—Å—å –Ω–∞ –≤—ã–±–æ—Ä —Å–≤–æ–∏—Ö –¥—Ä—É–∑–µ–π","–ù–∞—Ä—É–∂–Ω–∞—è —Ä–µ–∫–ª–∞–º–∞;–†–µ–∫–æ–º–µ–Ω–¥–∞—Ü–∏–∏ –¥—Ä—É–∑–µ–π, –∫–æ–ª–ª–µ–≥, —Ä–æ–¥—Å—Ç–≤–µ–Ω–Ω–∏–∫–æ–≤;–ò–Ω—Ç–µ—Ä–Ω–µ—Ç",–î–µ—Ç–µ–∫—Ç–∏–≤–Ω–æ–µ –∫–∏–Ω–æ;–ö–æ–º–µ–¥–∏–∏;–ú—É–ª—å—Ç—Ñ–∏–ª—å–º—ã,3,–ó–∞—Ç—Ä—É–¥–Ω—è—é—Å—å –æ—Ç–≤–µ—Ç–∏—Ç—å,,–î–∞
2024/08/22 2:18:21 PM GMT+3,–î–∞,–ñ–µ–Ω—Å–∫–∏–π,–æ—Ç 14 –¥–æ 18 –ª–µ—Ç,–ù–µ—Ç,"–†–∞–∑–Ω–∏—Ü—ã –Ω–µ—Ç, –±—ã–ª–∏ –±—ã –∏–Ω—Ç–µ—Ä–µ—Å–Ω—ã–µ",–†–∞–∑ –≤ 2-3 –º–µ—Å—è—Ü–∞,–ü—Ä–∞–∫—Ç–∏—á–µ—Å–∫–∏ –≤—Å–µ–≥–¥–∞,–°–æ–ª–µ–Ω—ã–π,–û—Ä–∏–µ–Ω—Ç–∏—Ä—É—é—Å—å –Ω–∞ —Å–æ–¥–µ—Ä–∂–∞–Ω–∏–µ —Ñ–∏–ª—å–º–∞,–ò–Ω—Ç–µ—Ä–Ω–µ—Ç;–°–∞–π—Ç –∫–∏–Ω–æ—Ç–µ–∞—Ç—Ä–∞,"–î–µ—Ç–µ–∫—Ç–∏–≤–Ω–æ–µ –∫–∏–Ω–æ;–ú—É–ª—å—Ç—Ñ–∏–ª—å–º—ã;–§–∞–Ω—Ç–∞—Å—Ç–∏–∫–∞, —Ñ—ç–Ω—Ç–µ–∑–∏",3,–ù–µ—Ç,–µ–¥–∞,–ì–∞–≤
2024/08/22 2:19:37 PM GMT+3,–Ø –ø—Ä–µ–ø–æ–¥–∞–≤–∞—Ç–µ–ª—å,–ñ–µ–Ω—Å–∫–∏–π,–æ—Ç 36 –∏ –±–æ–ª–µ–µ,–î–∞,–ó–∞—Ä—É–±–µ–∂–Ω—ã–µ,–†–∞–∑ –≤ –ø–æ–ª–≥–æ–¥–∞ –∏ —Ä–µ–∂–µ,–ü—Ä–∞–∫—Ç–∏—á–µ—Å–∫–∏ –≤—Å–µ–≥–¥–∞,–°–æ–ª–µ–Ω—ã–π,"–í—ã–±–∏—Ä–∞—é —Ñ–∏–ª—å–º—ã, –æ–±—Å—É–∂–¥–∞–µ–º—ã–µ –æ–±—â–µ—Å—Ç–≤–µ–Ω–Ω–æ—Å—Ç—å—é;–û—Ä–∏–µ–Ω—Ç–∏—Ä—É—é—Å—å –Ω–∞ —Å–æ–¥–µ—Ä–∂–∞–Ω–∏–µ —Ñ–∏–ª—å–º–∞",–ò–Ω—Ç–µ—Ä–Ω–µ—Ç,"–ë–ª–æ–∫–±–∞—Å—Ç–µ—Ä—ã, –±–æ–µ–≤–∏–∫–∏;–î–µ—Ç–µ–∫—Ç–∏–≤–Ω–æ–µ –∫–∏–Ω–æ;–ò—Å—Ç–æ—Ä–∏—á–µ—Å–∫–∏–µ —Ñ–∏–ª—å–º—ã;–ú—É–ª—å—Ç—Ñ–∏–ª—å–º—ã;–ü—Ä–∏–∫–ª—é—á–µ–Ω–∏—è;–§–∞–Ω—Ç–∞—Å—Ç–∏–∫–∞, —Ñ—ç–Ω—Ç–µ–∑–∏",5,–î–∞,"–ü–æ–ª—É–º—Ä–∞–∫, –º—è–≥–∫–æ–µ –∫—Ä–µ—Å–ª–æ, –≤–∫—É—Å–Ω—è—à–∫–∏",–ì–∞–≤
2024/08/22 2:33:14 PM GMT+3,–î–∞,–ñ–µ–Ω—Å–∫–∏–π,–æ—Ç 14 –¥–æ 18 –ª–µ—Ç,–î–∞,"–†–∞–∑–Ω–∏—Ü—ã –Ω–µ—Ç, –±—ã–ª–∏ –±—ã –∏–Ω—Ç–µ—Ä–µ—Å–Ω—ã–µ",–†–∞–∑ –≤ 2-3 –º–µ—Å—è—Ü–∞,–ü—Ä–∞–∫—Ç–∏—á–µ—Å–∫–∏ –≤—Å–µ–≥–¥–∞,–ö–∞—Ä–∞–º–µ–ª—å–Ω—ã–π,"–í—ã–±–∏—Ä–∞—é —Ñ–∏–ª—å–º—ã, –æ–±—Å—É–∂–¥–∞–µ–º—ã–µ –æ–±—â–µ—Å—Ç–≤–µ–Ω–Ω–æ—Å—Ç—å—é;–í—ã–±–∏—Ä–∞—é —Ñ–∏–ª—å–º—ã, –æ—Ç –∫–æ—Ç–æ—Ä—ã—Ö –º–æ–∂–Ω–æ –ø–æ–ª—É—á–∏—Ç—å —Å–∏–ª—å–Ω—ã–µ —ç–º–æ—Ü–∏–∏;–û—Ä–∏–µ–Ω—Ç–∏—Ä—É—é—Å—å –Ω–∞ —Å–æ–¥–µ—Ä–∂–∞–Ω–∏–µ —Ñ–∏–ª—å–º–∞","–†–µ–∫–æ–º–µ–Ω–¥–∞—Ü–∏–∏ –¥—Ä—É–∑–µ–π, –∫–æ–ª–ª–µ–≥, —Ä–æ–¥—Å—Ç–≤–µ–Ω–Ω–∏–∫–æ–≤;–ò–Ω—Ç–µ—Ä–Ω–µ—Ç","–ö–æ–º–µ–¥–∏–∏;–ú–µ–ª–æ–¥—Ä–∞–º—ã;–ú—É–ª—å—Ç—Ñ–∏–ª—å–º—ã;–ü—Ä–∏–∫–ª—é—á–µ–Ω–∏—è;–§–∞–Ω—Ç–∞—Å—Ç–∏–∫–∞, —Ñ—ç–Ω—Ç–µ–∑–∏",3,–î–∞,,–î–∞
2024/08/22 2:41:27 PM GMT+3,–î–∞,–ñ–µ–Ω—Å–∫–∏–π,–æ—Ç 14 –¥–æ 18 –ª–µ—Ç,–î–∞,"–†–∞–∑–Ω–∏—Ü—ã –Ω–µ—Ç, –±—ã–ª–∏ –±—ã –∏–Ω—Ç–µ—Ä–µ—Å–Ω—ã–µ",–†–∞–∑ –≤ –º–µ—Å—è—Ü,–†–µ–¥–∫–æ,–°–æ–ª–µ–Ω—ã–π;–ö–∞—Ä–∞–º–µ–ª—å–Ω—ã–π;–°—ã—Ä–Ω—ã–π,"–í—ã–±–∏—Ä–∞—é —Ñ–∏–ª—å–º—ã, –æ—Ç –∫–æ—Ç–æ—Ä—ã—Ö –º–æ–∂–Ω–æ –ø–æ–ª—É—á–∏—Ç—å —Å–∏–ª—å–Ω—ã–µ —ç–º–æ—Ü–∏–∏;–û—Ä–∏–µ–Ω—Ç–∏—Ä—É—é—Å—å –Ω–∞ —Å–æ–¥–µ—Ä–∂–∞–Ω–∏–µ —Ñ–∏–ª—å–º–∞",–ò–Ω—Ç–µ—Ä–Ω–µ—Ç;–°–∞–π—Ç –∫–∏–Ω–æ—Ç–µ–∞—Ç—Ä–∞,"–î–µ—Ç–µ–∫—Ç–∏–≤–Ω–æ–µ –∫–∏–Ω–æ;–ò—Å—Ç–æ—Ä–∏—á–µ—Å–∫–∏–µ —Ñ–∏–ª—å–º—ã;–ö–æ–º–µ–¥–∏–∏;–î–æ–∫—É–º–µ–Ω—Ç–∞–ª—å–Ω—ã–µ —Ñ–∏–ª—å–º—ã;–ü—Ä–∏–∫–ª—é—á–µ–Ω–∏—è;–§–∞–Ω—Ç–∞—Å—Ç–∏–∫–∞, —Ñ—ç–Ω—Ç–µ–∑–∏",4,–î–∞,–ø–ª–µ–¥—ã,–ú—è—É
2024/08/22 2:46:29 PM GMT+3,–î–∞,–ú—É–∂—Å–∫–æ–π,–æ—Ç 14 –¥–æ 18 –ª–µ—Ç,–ó–∞—Ç—Ä—É–¥–Ω—è—é—Å—å –æ—Ç–≤–µ—Ç–∏—Ç—å,–ó–∞—Ä—É–±–µ–∂–Ω—ã–µ,2-3 —Ä–∞–∑–∞ –≤ –º–µ—Å—è—Ü,–ü—Ä–∞–∫—Ç–∏—á–µ—Å–∫–∏ –≤—Å–µ–≥–¥–∞,–ö–∞—Ä–∞–º–µ–ª—å–Ω—ã–π;–°—ã—Ä–Ω—ã–π,"–í—ã–±–∏—Ä–∞—é —Ñ–∏–ª—å–º—ã, –æ—Ç –∫–æ—Ç–æ—Ä—ã—Ö –º–æ–∂–Ω–æ –ø–æ–ª—É—á–∏—Ç—å —Å–∏–ª—å–Ω—ã–µ —ç–º–æ—Ü–∏–∏;–ö–æ–º–µ–¥–∏–∏","–ù–∞—Ä—É–∂–Ω–∞—è —Ä–µ–∫–ª–∞–º–∞;–†–µ–∫–æ–º–µ–Ω–¥–∞—Ü–∏–∏ –¥—Ä—É–∑–µ–π, –∫–æ–ª–ª–µ–≥, —Ä–æ–¥—Å—Ç–≤–µ–Ω–Ω–∏–∫–æ–≤;–ò–Ω—Ç–µ—Ä–Ω–µ—Ç",–ò—Å—Ç–æ—Ä–∏—á–µ—Å–∫–∏–µ —Ñ–∏–ª—å–º—ã;–ö–æ–º–µ–¥–∏–∏,3,–ù–µ—Ç,–ü—Ä–æ–∫—Ä–∞—Å—Ç–∏–Ω–∞—Ü–∏—è ,–ú—è—É
2024/08/22 3:07:30 PM GMT+3,–ù–µ—Ç,–ú—É–∂—Å–∫–æ–π,–æ—Ç 14 –¥–æ 18 –ª–µ—Ç,–ó–∞—Ç—Ä—É–¥–Ω—è—é—Å—å –æ—Ç–≤–µ—Ç–∏—Ç—å,"–†–∞–∑–Ω–∏—Ü—ã –Ω–µ—Ç, –±—ã–ª–∏ –±—ã –∏–Ω—Ç–µ—Ä–µ—Å–Ω—ã–µ",–†–∞–∑ –≤ 2-3 –º–µ—Å—è—Ü–∞,–†–µ–¥–∫–æ,–°–ª–∞–¥–∫–∏–π,"–í—ã–±–∏—Ä–∞—é —Ñ–∏–ª—å–º—ã, –æ—Ç –∫–æ—Ç–æ—Ä—ã—Ö –º–æ–∂–Ω–æ –ø–æ–ª—É—á–∏—Ç—å —Å–∏–ª—å–Ω—ã–µ —ç–º–æ—Ü–∏–∏","–ù–∞—Ä—É–∂–Ω–∞—è —Ä–µ–∫–ª–∞–º–∞;–†–µ–∫–æ–º–µ–Ω–¥–∞—Ü–∏–∏ –¥—Ä—É–∑–µ–π, –∫–æ–ª–ª–µ–≥, —Ä–æ–¥—Å—Ç–≤–µ–Ω–Ω–∏–∫–æ–≤",–î–µ—Ç–µ–∫—Ç–∏–≤–Ω–æ–µ –∫–∏–Ω–æ;–ö–æ–º–µ–¥–∏–∏;–§–∏–ª—å–º—ã —É–∂–∞—Å–æ–≤,5,–ù–µ—Ç,,–ú—è—É
2024/08/22 3:57:05 PM GMT+3,–Ø –ø—Ä–µ–ø–æ–¥–∞–≤–∞—Ç–µ–ª—å,–ñ–µ–Ω—Å–∫–∏–π,–æ—Ç 19 –¥–æ 35 –ª–µ—Ç,–ù–µ—Ç,"–†–∞–∑–Ω–∏—Ü—ã –Ω–µ—Ç, –±—ã–ª–∏ –±—ã –∏–Ω—Ç–µ—Ä–µ—Å–Ω—ã–µ",–†–∞–∑ –≤ –ø–æ–ª–≥–æ–¥–∞ –∏ —Ä–µ–∂–µ,–†–µ–¥–∫–æ,–°–ª–∞–¥–∫–∏–π;–ö–∞—Ä–∞–º–µ–ª—å–Ω—ã–π,–î–ª—è –º–µ–Ω—è –≤–∞–∂–Ω–æ –º–Ω–µ–Ω–∏–µ –±–ª–∏–∑–∫–∏—Ö –ª—é–¥–µ–π,"–†–µ–∫–æ–º–µ–Ω–¥–∞—Ü–∏–∏ –¥—Ä—É–∑–µ–π, –∫–æ–ª–ª–µ–≥, —Ä–æ–¥—Å—Ç–≤–µ–Ω–Ω–∏–∫–æ–≤;–ò–Ω—Ç–µ—Ä–Ω–µ—Ç","–î–µ—Ç–µ–∫—Ç–∏–≤–Ω–æ–µ –∫–∏–Ω–æ;–ö–æ–º–µ–¥–∏–∏;–ú—É–ª—å—Ç—Ñ–∏–ª—å–º—ã;–§–∞–Ω—Ç–∞—Å—Ç–∏–∫–∞, —Ñ—ç–Ω—Ç–µ–∑–∏",5,–î–∞,–ü–æ–ø–∫–æ—Ä–Ω,–ì–∞–≤